bank_transaction_id,settlement_id,utr,credit_amount,currency,value_date,narration
bnk_000000000,setl_000000000,HDFC9963334018,4881.06,INR,2026-08-17,NEFT CR RAZORPAY HDFC9963334018
bnk_000000001,setl_000000001,HDFC3410529190,11717.32,INR,2026-08-20,NEFT CR RAZORPAY HDFC3410529190
bnk_000000002,setl_000000002,HDFC7110082321,1952.99,INR,2026-08-20,NEFT CR RAZORPAY HDFC7110082321
bnk_000000003,setl_000000003,AXIS8934927891,1952.85,INR,2026-08-28,NEFT CR RAZORPAY AXIS8934927891
bnk_000000004,setl_000000004,SBIN9928378856,1953.45,INR,2026-08-26,NEFT CR RAZORPAY SBIN9928378856
bnk_000000005,setl_000000005,ICICI8615270538,878.06,INR,2026-08-30,NEFT CR RAZORPAY ICICI8615270538
bnk_000000006,setl_000000006,AXIS5993561321,3416.67,INR,2026-08-27,NEFT CR RAZORPAY AXIS5993561321
bnk_000000007,setl_000000007,ICICI2051454923,7323.47,INR,2026-08-21,NEFT CR RAZORPAY ICICI2051454923
bnk_000000008,setl_000000008,HDFC6649827836,1952.88,INR,2026-08-20,NEFT CR RAZORPAY HDFC6649827836
bnk_000000009,setl_000000009,SBIN2970753705,1952.97,INR,2026-08-20,NEFT CR RAZORPAY SBIN2970753705
bnk_000000010,setl_000000010,SBIN7010379415,1951.99,INR,2026-08-25,NEFT CR RAZORPAY SBIN7010379415
bnk_000000011,setl_000000011,ICICI3694860228,4881.76,INR,2026-08-18,NEFT CR RAZORPAY ICICI3694860228
bnk_000000012,setl_000000012,KKBK9639245200,878.63,INR,2026-08-25,NEFT CR RAZORPAY KKBK9639245200
bnk_000000013,setl_000000013,SBIN5974249674,488.12,INR,2026-08-28,NEFT CR RAZORPAY SBIN5974249674
bnk_000000014,setl_000000014,HDFC3615507143,1220.96,INR,2026-08-29,NEFT CR RAZORPAY HDFC3615507143
bnk_000000015,setl_000000015,SBIN1083651970,3416.80,INR,2026-08-20,NEFT CR RAZORPAY SBIN1083651970
bnk_000000016,setl_000000016,SBIN4504793184,11717.76,INR,2026-08-19,NEFT CR RAZORPAY SBIN4504793184
bnk_000000017,setl_000000017,ICICI6633778586,3216.97,INR,2026-08-25,NEFT CR RAZORPAY ICICI6633778586
bnk_000000018,setl_000000018,HDFC1945826486,878.66,INR,2026-08-27,NEFT CR RAZORPAY HDFC1945826486
bnk_000000019,setl_000000019,AXIS9894264595,1702.16,INR,2026-08-27,NEFT CR RAZORPAY AXIS9894264595
bnk_000000020,setl_000000020,SBIN8763140509,1951.94,INR,2026-08-18,NEFT CR RAZORPAY SBIN8763140509
bnk_000000021,setl_000000021,SBIN9822598054,877.85,INR,2026-08-23,NEFT CR RAZORPAY SBIN9822598054
bnk_000000022,setl_000000022,ICICI7598297060,1221.03,INR,2026-08-19,NEFT CR RAZORPAY ICICI7598297060
bnk_000000023,setl_000000023,HDFC3363629219,488.03,INR,2026-08-25,NEFT CR RAZORPAY HDFC3363629219
bnk_000000024,setl_000000024,SBIN3067418686,4881.09,INR,2026-08-19,NEFT CR RAZORPAY SBIN3067418686
bnk_000000025,setl_000000025,SBIN6520103410,11717.62,INR,2026-08-28,NEFT CR RAZORPAY SBIN6520103410
bnk_000000026,setl_000000026,HDFC3328710672,3416.49,INR,2026-08-17,NEFT CR RAZORPAY HDFC3328710672
bnk_000000027,setl_000000027,KKBK1798112150,878.62,INR,2026-08-30,NEFT CR RAZORPAY KKBK1798112150
bnk_000000028,setl_000000028,KKBK3553440342,-121.70,INR,2026-08-27,NEFT CR RAZORPAY KKBK3553440342
bnk_000000029,setl_000000029,ICICI2349409434,1453.29,INR,2026-08-19,NEFT CR RAZORPAY ICICI2349409434
bnk_000000030,setl_000000030,HDFC5334976883,877.87,INR,2026-08-25,NEFT CR RAZORPAY HDFC5334976883
bnk_000000031,setl_000000031,AXIS4783282817,1952.28,INR,2026-08-21,NEFT CR RAZORPAY AXIS4783282817
bnk_000000032,setl_000000032,KKBK9623534576,11717.17,INR,2026-08-27,NEFT CR RAZORPAY KKBK9623534576
bnk_000000033,setl_000000033,HDFC5962610986,1953.55,INR,2026-08-20,NEFT CR RAZORPAY HDFC5962610986
bnk_000000034,setl_000000034,AXIS4633987776,878.57,INR,2026-08-23,NEFT CR RAZORPAY AXIS4633987776
bnk_000000035,setl_000000035,ICICI2125089309,7323.69,INR,2026-08-28,NEFT CR RAZORPAY ICICI2125089309
bnk_000000036,setl_000000036,ICICI3343292475,3417.15,INR,2026-08-25,NEFT CR RAZORPAY ICICI3343292475
bnk_000000037,setl_000000037,AXIS4696689457,3416.67,INR,2026-08-27,NEFT CR RAZORPAY AXIS4696689457
bnk_000000038,setl_000000038,KKBK4993808565,1220.72,INR,2026-08-23,NEFT CR RAZORPAY KKBK4993808565
bnk_000000039,setl_000000039,SBIN4482141802,1953.00,INR,2026-08-29,NEFT CR RAZORPAY SBIN4482141802
bnk_000000040,setl_000000040,ICICI9239688178,3416.80,INR,2026-08-30,NEFT CR RAZORPAY ICICI9239688178
bnk_000000041,setl_000000041,SBIN6704841644,878.74,INR,2026-08-21,NEFT CR RAZORPAY SBIN6704841644
bnk_000000042,setl_000000042,KKBK1118543408,1953.02,INR,2026-08-26,NEFT CR RAZORPAY KKBK1118543408
bnk_000000043,setl_000000043,AXIS6642201119,11716.94,INR,2026-08-23,NEFT CR RAZORPAY AXIS6642201119
bnk_000000044,setl_000000044,SBIN9597198563,11717.65,INR,2026-08-28,NEFT CR RAZORPAY SBIN9597198563
bnk_000000045,setl_000000045,AXIS7971399399,878.68,INR,2026-08-21,NEFT CR RAZORPAY AXIS7971399399
bnk_000000046,setl_000000046,AXIS3381183483,1952.34,INR,2026-08-27,NEFT CR RAZORPAY AXIS3381183483
bnk_000000047,setl_000000047,AXIS4580822352,1953.15,INR,2026-08-20,NEFT CR RAZORPAY AXIS4580822352
bnk_000000048,setl_000000048,SBIN3901796894,11717.39,INR,2026-08-29,NEFT CR RAZORPAY SBIN3901796894
bnk_000000049,setl_000000049,KKBK2439622619,1952.66,INR,2026-08-21,NEFT CR RAZORPAY KKBK2439622619
bnk_000000050,setl_000000050,HDFC5607762160,4881.80,INR,2026-08-26,NEFT CR RAZORPAY HDFC5607762160
bnk_000000051,setl_000000051,ICICI3953315788,878.75,INR,2026-08-23,NEFT CR RAZORPAY ICICI3953315788
bnk_000000052,setl_000000052,ICICI5816198518,1221.08,INR,2026-08-27,NEFT CR RAZORPAY ICICI5816198518
bnk_000000053,setl_000000053,SBIN7462972995,11217.36,INR,2026-08-19,NEFT CR RAZORPAY SBIN7462972995
bnk_000000054,setl_000000054,AXIS7533932947,1952.16,INR,2026-08-24,NEFT CR RAZORPAY AXIS7533932947
bnk_000000055,setl_000000055,AXIS3319936135,1220.69,INR,2026-08-20,NEFT CR RAZORPAY AXIS3319936135
bnk_000000056,setl_000000056,HDFC7076811348,3417.10,INR,2026-08-24,NEFT CR RAZORPAY HDFC7076811348
bnk_000000057,setl_000000057,SBIN3987248494,4881.62,INR,2026-08-17,NEFT CR RAZORPAY SBIN3987248494
bnk_000000058,setl_000000058,SBIN4856070374,7323.27,INR,2026-08-21,NEFT CR RAZORPAY SBIN4856070374
bnk_000000059,setl_000000059,SBIN4110335359,7323.16,INR,2026-08-26,NEFT CR RAZORPAY SBIN4110335359
bnk_000000060,setl_000000060,HDFC9950486177,4881.19,INR,2026-08-30,NEFT CR RAZORPAY HDFC9950486177
bnk_000000061,setl_000000061,AXIS6204041308,3416.84,INR,2026-08-29,NEFT CR RAZORPAY AXIS6204041308
bnk_000000062,setl_000000062,HDFC3019952485,11716.86,INR,2026-08-22,NEFT CR RAZORPAY HDFC3019952485
bnk_000000063,setl_000000063,HDFC4239406957,1952.07,INR,2026-08-30,NEFT CR RAZORPAY HDFC4239406957
bnk_000000064,setl_000000064,SBIN3875303857,1952.40,INR,2026-08-28,NEFT CR RAZORPAY SBIN3875303857
bnk_000000065,setl_000000065,KKBK4085320828,1220.88,INR,2026-08-18,NEFT CR RAZORPAY KKBK4085320828
bnk_000000066,setl_000000066,SBIN4070964768,878.51,INR,2026-08-28,NEFT CR RAZORPAY SBIN4070964768
bnk_000000067,setl_000000067,AXIS4361393222,3417.09,INR,2026-08-23,NEFT CR RAZORPAY AXIS4361393222
bnk_000000068,setl_000000068,AXIS3105400301,4881.47,INR,2026-08-27,NEFT CR RAZORPAY AXIS3105400301
bnk_000000069,setl_000000069,KKBK7371573279,4881.93,INR,2026-08-26,NEFT CR RAZORPAY KKBK7371573279
bnk_000000070,setl_000000070,HDFC2936179853,7323.71,INR,2026-08-26,NEFT CR RAZORPAY HDFC2936179853
bnk_000000071,setl_000000071,AXIS6075963527,1952.26,INR,2026-08-29,NEFT CR RAZORPAY AXIS6075963527
bnk_000000072,setl_000000072,AXIS3387104291,11717.04,INR,2026-08-18,NEFT CR RAZORPAY AXIS3387104291
bnk_000000073,setl_000000073,ICICI8261111839,7323.56,INR,2026-08-29,NEFT CR RAZORPAY ICICI8261111839
bnk_000000074,setl_000000074,ICICI7792729530,7323.69,INR,2026-08-25,NEFT CR RAZORPAY ICICI7792729530
bnk_000000075,setl_000000075,SBIN6458544482,1953.08,INR,2026-08-18,NEFT CR RAZORPAY SBIN6458544482
bnk_000000076,setl_000000076,ICICI1822662216,7323.34,INR,2026-08-28,NEFT CR RAZORPAY ICICI1822662216
bnk_000000077,setl_000000077,ICICI2272368870,3416.29,INR,2026-08-21,NEFT CR RAZORPAY ICICI2272368870
bnk_000000078,setl_000000078,HDFC7671625956,1221.29,INR,2026-08-30,NEFT CR RAZORPAY HDFC7671625956
bnk_000000079,setl_000000079,SBIN7351029162,3416.65,INR,2026-08-17,NEFT CR RAZORPAY SBIN7351029162
bnk_000000080,setl_000000080,HDFC7015992643,878.50,INR,2026-08-27,NEFT CR RAZORPAY HDFC7015992643
bnk_000000081,setl_000000081,KKBK9371430906,878.08,INR,2026-08-18,NEFT CR RAZORPAY KKBK9371430906
bnk_000000082,setl_000000082,KKBK7539399243,7323.55,INR,2026-08-21,NEFT CR RAZORPAY KKBK7539399243
bnk_000000083,setl_000000083,HDFC4178659381,1952.60,INR,2026-08-20,NEFT CR RAZORPAY HDFC4178659381
bnk_000000084,setl_000000084,ICICI3370788647,1220.50,INR,2026-08-23,NEFT CR RAZORPAY ICICI3370788647
bnk_000000085,setl_000000085,ICICI8986950095,878.63,INR,2026-08-20,NEFT CR RAZORPAY ICICI8986950095
bnk_000000086,setl_000000086,KKBK1610900200,487.43,INR,2026-08-29,NEFT CR RAZORPAY KKBK1610900200
bnk_000000087,setl_000000087,SBIN8252816758,4881.35,INR,2026-08-25,NEFT CR RAZORPAY SBIN8252816758
bnk_000000088,setl_000000088,HDFC9115009532,3417.17,INR,2026-08-21,NEFT CR RAZORPAY HDFC9115009532
bnk_000000089,setl_000000089,KKBK8822944679,476.37,INR,2026-08-29,NEFT CR RAZORPAY KKBK8822944679
bnk_000000090,setl_000000090,ICICI8792122716,478.37,INR,2026-08-22,NEFT CR RAZORPAY ICICI8792122716
bnk_000000091,setl_000000091,AXIS7422990551,4881.97,INR,2026-08-25,NEFT CR RAZORPAY AXIS7422990551
bnk_000000092,setl_000000092,AXIS8613035386,11716.80,INR,2026-08-27,NEFT CR RAZORPAY AXIS8613035386
bnk_000000093,setl_000000093,KKBK8543865915,7323.95,INR,2026-08-17,NEFT CR RAZORPAY KKBK8543865915
bnk_000000094,setl_000000094,SBIN3081821325,238.00,INR,2026-08-26,NEFT CR RAZORPAY SBIN3081821325
bnk_000000095,setl_000000095,KKBK2752306681,1951.96,INR,2026-08-24,NEFT CR RAZORPAY KKBK2752306681
bnk_000000096,setl_000000096,AXIS6469318275,7323.59,INR,2026-08-20,NEFT CR RAZORPAY AXIS6469318275
bnk_000000097,setl_000000097,KKBK4776677517,878.12,INR,2026-08-29,NEFT CR RAZORPAY KKBK4776677517
bnk_000000098,setl_000000098,AXIS8413332538,7323.19,INR,2026-08-24,NEFT CR RAZORPAY AXIS8413332538
bnk_000000099,setl_000000099,KKBK6915072151,3416.66,INR,2026-08-28,NEFT CR RAZORPAY KKBK6915072151
bnk_000000100,setl_000000100,SBIN5482431018,7323.88,INR,2026-08-29,NEFT CR RAZORPAY SBIN5482431018
bnk_000000101,setl_000000101,HDFC8924383984,878.44,INR,2026-08-24,NEFT CR RAZORPAY HDFC8924383984
bnk_000000102,setl_000000102,ICICI5616352188,1953.22,INR,2026-08-26,NEFT CR RAZORPAY ICICI5616352188
bnk_000000103,setl_000000103,KKBK8556573246,11716.84,INR,2026-08-26,NEFT CR RAZORPAY KKBK8556573246
bnk_000000104,setl_000000104,HDFC4747699292,7323.21,INR,2026-08-28,NEFT CR RAZORPAY HDFC4747699292
bnk_000000105,setl_000000105,HDFC6554972315,3416.96,INR,2026-08-19,NEFT CR RAZORPAY HDFC6554972315
bnk_000000106,setl_000000106,ICICI1730074215,878.54,INR,2026-08-30,NEFT CR RAZORPAY ICICI1730074215
bnk_000000107,setl_000000107,KKBK1614685938,7323.79,INR,2026-08-21,NEFT CR RAZORPAY KKBK1614685938
bnk_000000108,setl_000000108,SBIN9165632300,11717.00,INR,2026-08-18,NEFT CR RAZORPAY SBIN9165632300
bnk_000000109,setl_000000109,SBIN8259841263,7323.37,INR,2026-08-20,NEFT CR RAZORPAY SBIN8259841263
bnk_000000110,setl_000000110,SBIN7751356568,1953.67,INR,2026-08-21,NEFT CR RAZORPAY SBIN7751356568
bnk_000000111,setl_000000111,KKBK5181592277,7323.35,INR,2026-08-29,NEFT CR RAZORPAY KKBK5181592277
bnk_000000112,setl_000000112,ICICI7961674558,1221.28,INR,2026-08-18,NEFT CR RAZORPAY ICICI7961674558
bnk_000000113,setl_000000113,SBIN9733234156,3417.33,INR,2026-08-19,NEFT CR RAZORPAY SBIN9733234156
bnk_000000114,setl_000000114,SBIN1754368373,1221.18,INR,2026-08-22,NEFT CR RAZORPAY SBIN1754368373
bnk_000000115,setl_000000115,AXIS9350223102,1953.73,INR,2026-08-30,NEFT CR RAZORPAY AXIS9350223102
bnk_000000116,setl_000000116,HDFC5151086814,4881.72,INR,2026-08-22,NEFT CR RAZORPAY HDFC5151086814
bnk_000000117,setl_000000117,KKBK5825776872,3417.26,INR,2026-08-28,NEFT CR RAZORPAY KKBK5825776872
bnk_000000118,setl_000000118,AXIS6299224734,487.99,INR,2026-08-25,NEFT CR RAZORPAY AXIS6299224734
bnk_000000119,setl_000000119,SBIN2753617371,1220.55,INR,2026-08-17,NEFT CR RAZORPAY SBIN2753617371
bnk_000000120,setl_000000120,KKBK5877639950,7323.46,INR,2026-08-27,NEFT CR RAZORPAY KKBK5877639950
bnk_000000121,setl_000000121,HDFC8875651818,4881.36,INR,2026-08-17,NEFT CR RAZORPAY HDFC8875651818
bnk_000000122,setl_000000122,ICICI8969097897,878.63,INR,2026-08-22,NEFT CR RAZORPAY ICICI8969097897
bnk_000000123,setl_000000123,AXIS2952996248,1952.62,INR,2026-08-27,NEFT CR RAZORPAY AXIS2952996248
bnk_000000124,setl_000000124,ICICI5246953455,1951.90,INR,2026-08-30,NEFT CR RAZORPAY ICICI5246953455
bnk_000000125,setl_000000125,ICICI5307145891,1220.66,INR,2026-08-25,NEFT CR RAZORPAY ICICI5307145891
bnk_000000126,setl_000000126,HDFC1566090561,3416.71,INR,2026-08-26,NEFT CR RAZORPAY HDFC1566090561
bnk_000000127,setl_000000127,ICICI8480622107,11716.94,INR,2026-08-28,NEFT CR RAZORPAY ICICI8480622107
bnk_000000128,setl_000000128,KKBK3549776132,7323.63,INR,2026-08-20,NEFT CR RAZORPAY KKBK3549776132
bnk_000000129,setl_000000129,HDFC7019900273,878.39,INR,2026-08-28,NEFT CR RAZORPAY HDFC7019900273
bnk_000000130,setl_000000130,ICICI1282103057,1953.57,INR,2026-08-27,NEFT CR RAZORPAY ICICI1282103057
bnk_000000131,setl_000000131,KKBK7573691558,7323.63,INR,2026-08-26,NEFT CR RAZORPAY KKBK7573691558
bnk_000000132,setl_000000132,KKBK6218484323,7323.28,INR,2026-08-23,NEFT CR RAZORPAY KKBK6218484323
bnk_000000133,setl_000000133,HDFC6637352245,3417.25,INR,2026-08-21,NEFT CR RAZORPAY HDFC6637352245
bnk_000000134,setl_000000134,HDFC5695387521,878.71,INR,2026-08-28,NEFT CR RAZORPAY HDFC5695387521
bnk_000000135,setl_000000135,KKBK7707379050,878.29,INR,2026-08-22,NEFT CR RAZORPAY KKBK7707379050
bnk_000000136,setl_000000136,HDFC9454207717,1953.24,INR,2026-08-18,NEFT CR RAZORPAY HDFC9454207717
bnk_000000137,setl_000000137,SBIN5759761714,11717.26,INR,2026-08-18,NEFT CR RAZORPAY SBIN5759761714
bnk_000000138,setl_000000138,KKBK9702693937,1952.83,INR,2026-08-19,NEFT CR RAZORPAY KKBK9702693937
bnk_000000139,setl_000000139,AXIS1026224160,971.21,INR,2026-08-27,NEFT CR RAZORPAY AXIS1026224160
bnk_000000140,setl_000000140,KKBK6218955985,4881.59,INR,2026-08-22,NEFT CR RAZORPAY KKBK6218955985
bnk_000000141,setl_000000141,KKBK3560761628,487.41,INR,2026-08-19,NEFT CR RAZORPAY KKBK3560761628
bnk_000000142,setl_000000142,SBIN7193532615,1953.06,INR,2026-08-29,NEFT CR RAZORPAY SBIN7193532615
bnk_000000143,setl_000000143,AXIS7842459488,11717.63,INR,2026-08-21,NEFT CR RAZORPAY AXIS7842459488
bnk_000000144,setl_000000144,HDFC1033015788,1952.89,INR,2026-08-29,NEFT CR RAZORPAY HDFC1033015788
bnk_000000145,setl_000000145,HDFC2849649210,1220.97,INR,2026-08-25,NEFT CR RAZORPAY HDFC2849649210
bnk_000000146,setl_000000146,HDFC2873548915,7323.09,INR,2026-08-30,NEFT CR RAZORPAY HDFC2873548915
bnk_000000147,setl_000000147,SBIN2243458354,4881.04,INR,2026-08-22,NEFT CR RAZORPAY SBIN2243458354
bnk_000000148,setl_000000148,AXIS5673482258,878.08,INR,2026-08-23,NEFT CR RAZORPAY AXIS5673482258
bnk_000000149,setl_000000149,AXIS8498174646,1952.23,INR,2026-08-29,NEFT CR RAZORPAY AXIS8498174646
bnk_000000150,setl_000000150,ICICI6795522649,1220.79,INR,2026-08-18,NEFT CR RAZORPAY ICICI6795522649
bnk_000000151,setl_000000151,ICICI3815389788,1221.46,INR,2026-08-27,NEFT CR RAZORPAY ICICI3815389788
bnk_000000152,setl_000000152,KKBK2357806226,7323.08,INR,2026-08-24,NEFT CR RAZORPAY KKBK2357806226
bnk_000000153,setl_000000153,KKBK5536224717,11716.89,INR,2026-08-21,NEFT CR RAZORPAY KKBK5536224717
bnk_000000154,setl_000000154,AXIS9919491730,878.54,INR,2026-08-26,NEFT CR RAZORPAY AXIS9919491730
bnk_000000155,setl_000000155,HDFC3799620568,3417.17,INR,2026-08-24,NEFT CR RAZORPAY HDFC3799620568
bnk_000000156,setl_000000156,AXIS9952125442,1220.55,INR,2026-08-20,NEFT CR RAZORPAY AXIS9952125442
bnk_000000157,setl_000000157,AXIS6958908766,3417.26,INR,2026-08-26,NEFT CR RAZORPAY AXIS6958908766
bnk_000000158,setl_000000158,HDFC6955247915,1953.70,INR,2026-08-30,NEFT CR RAZORPAY HDFC6955247915
bnk_000000159,setl_000000159,KKBK3850192297,3416.80,INR,2026-08-27,NEFT CR RAZORPAY KKBK3850192297
bnk_000000160,setl_000000160,HDFC8695129534,1221.33,INR,2026-08-28,NEFT CR RAZORPAY HDFC8695129534
bnk_000000161,setl_000000161,SBIN7478908722,487.67,INR,2026-08-21,NEFT CR RAZORPAY SBIN7478908722
bnk_000000162,setl_000000162,SBIN1824656200,1020.69,INR,2026-08-18,NEFT CR RAZORPAY SBIN1824656200
bnk_000000163,setl_000000163,KKBK2617999521,1220.73,INR,2026-08-30,NEFT CR RAZORPAY KKBK2617999521
bnk_000000164,setl_000000164,HDFC7059591606,1952.37,INR,2026-08-26,NEFT CR RAZORPAY HDFC7059591606
bnk_000000165,setl_000000165,ICICI4586784711,3417.26,INR,2026-08-26,NEFT CR RAZORPAY ICICI4586784711
bnk_000000166,setl_000000166,KKBK7560389844,1220.75,INR,2026-08-29,NEFT CR RAZORPAY KKBK7560389844
bnk_000000167,setl_000000167,SBIN9049270990,11716.93,INR,2026-08-28,NEFT CR RAZORPAY SBIN9049270990
bnk_000000168,setl_000000168,ICICI6466597005,11716.98,INR,2026-08-30,NEFT CR RAZORPAY ICICI6466597005
bnk_000000169,setl_000000169,AXIS4996346509,4881.08,INR,2026-08-23,NEFT CR RAZORPAY AXIS4996346509
bnk_000000170,setl_000000170,HDFC2610237679,487.61,INR,2026-08-18,NEFT CR RAZORPAY HDFC2610237679
bnk_000000171,setl_000000171,AXIS4569592370,7323.56,INR,2026-08-26,NEFT CR RAZORPAY AXIS4569592370
bnk_000000172,setl_000000172,ICICI4586139213,11717.71,INR,2026-08-26,NEFT CR RAZORPAY ICICI4586139213
bnk_000000173,setl_000000173,ICICI2293434554,487.51,INR,2026-08-23,NEFT CR RAZORPAY ICICI2293434554
bnk_000000174,setl_000000174,SBIN9660523876,11717.52,INR,2026-08-20,NEFT CR RAZORPAY SBIN9660523876
bnk_000000175,setl_000000175,AXIS2789144223,878.44,INR,2026-08-22,NEFT CR RAZORPAY AXIS2789144223
bnk_000000176,setl_000000176,SBIN9776913529,4881.48,INR,2026-08-21,NEFT CR RAZORPAY SBIN9776913529
bnk_000000177,setl_000000177,HDFC2428156550,487.66,INR,2026-08-25,NEFT CR RAZORPAY HDFC2428156550
bnk_000000178,setl_000000178,SBIN1579187439,7323.04,INR,2026-08-21,NEFT CR RAZORPAY SBIN1579187439
bnk_000000179,setl_000000179,AXIS9303765140,11717.29,INR,2026-08-30,NEFT CR RAZORPAY AXIS9303765140
bnk_000000180,setl_000000180,ICICI6523804237,488.03,INR,2026-08-22,NEFT CR RAZORPAY ICICI6523804237
bnk_000000181,setl_000000181,SBIN8487449580,4881.44,INR,2026-08-19,NEFT CR RAZORPAY SBIN8487449580
bnk_000000182,setl_000000182,KKBK9944748312,4881.12,INR,2026-08-23,NEFT CR RAZORPAY KKBK9944748312
bnk_000000183,setl_000000183,AXIS1440654676,3417.24,INR,2026-08-21,NEFT CR RAZORPAY AXIS1440654676
bnk_000000184,setl_000000184,SBIN6804850108,488.13,INR,2026-08-30,NEFT CR RAZORPAY SBIN6804850108
bnk_000000185,setl_000000185,HDFC9912233947,4881.47,INR,2026-08-25,NEFT CR RAZORPAY HDFC9912233947
bnk_000000186,setl_000000186,KKBK2881937953,1220.58,INR,2026-08-20,NEFT CR RAZORPAY KKBK2881937953
bnk_000000187,setl_000000187,KKBK9729028480,1221.34,INR,2026-08-24,NEFT CR RAZORPAY KKBK9729028480
bnk_000000188,setl_000000188,KKBK6871005324,3417.23,INR,2026-08-21,NEFT CR RAZORPAY KKBK6871005324
bnk_000000189,setl_000000189,SBIN7518666304,11716.95,INR,2026-08-21,NEFT CR RAZORPAY SBIN7518666304
bnk_000000190,setl_000000190,KKBK3109688769,877.95,INR,2026-08-30,NEFT CR RAZORPAY KKBK3109688769
bnk_000000191,setl_000000191,SBIN5283209430,3417.25,INR,2026-08-22,NEFT CR RAZORPAY SBIN5283209430
bnk_000000192,setl_000000192,ICICI3738900744,3417.06,INR,2026-08-20,NEFT CR RAZORPAY ICICI3738900744
bnk_000000193,setl_000000193,SBIN5407856339,11717.52,INR,2026-08-22,NEFT CR RAZORPAY SBIN5407856339
bnk_000000194,setl_000000194,HDFC5577353273,4881.91,INR,2026-08-28,NEFT CR RAZORPAY HDFC5577353273
bnk_000000195,setl_000000195,KKBK1316756902,3417.22,INR,2026-08-18,NEFT CR RAZORPAY KKBK1316756902
bnk_000000196,setl_000000196,KKBK5150074940,4881.65,INR,2026-08-30,NEFT CR RAZORPAY KKBK5150074940
bnk_000000197,setl_000000197,AXIS1707196784,3417.30,INR,2026-08-20,NEFT CR RAZORPAY AXIS1707196784
bnk_000000198,setl_000000198,AXIS2178758213,1953.56,INR,2026-08-25,NEFT CR RAZORPAY AXIS2178758213
bnk_000000199,setl_000000199,KKBK1662259333,3417.13,INR,2026-08-17,NEFT CR RAZORPAY KKBK1662259333
bnk_000000200,setl_000000200,KKBK7752277876,-512.16,INR,2026-08-27,NEFT CR RAZORPAY KKBK7752277876
bnk_000000201,setl_000000201,SBIN6572436051,878.64,INR,2026-08-17,NEFT CR RAZORPAY SBIN6572436051
bnk_000000202,setl_000000202,ICICI5912019621,3417.33,INR,2026-08-30,NEFT CR RAZORPAY ICICI5912019621
bnk_000000203,setl_000000203,KKBK3412273600,3416.71,INR,2026-08-24,NEFT CR RAZORPAY KKBK3412273600
bnk_000000204,setl_000000204,HDFC5512315375,4881.78,INR,2026-08-23,NEFT CR RAZORPAY HDFC5512315375
bnk_000000205,setl_000000205,KKBK8392190335,1952.77,INR,2026-08-19,NEFT CR RAZORPAY KKBK8392190335
bnk_000000206,setl_000000206,AXIS3136189070,878.27,INR,2026-08-25,NEFT CR RAZORPAY AXIS3136189070
bnk_000000207,setl_000000207,HDFC5512036684,7323.74,INR,2026-08-30,NEFT CR RAZORPAY HDFC5512036684
bnk_000000208,setl_000000208,HDFC4638577630,4881.19,INR,2026-08-21,NEFT CR RAZORPAY HDFC4638577630
bnk_000000209,setl_000000209,SBIN9809655189,11717.04,INR,2026-08-22,NEFT CR RAZORPAY SBIN9809655189
bnk_000000210,setl_000000210,SBIN1510289448,878.27,INR,2026-08-22,NEFT CR RAZORPAY SBIN1510289448
bnk_000000211,setl_000000211,ICICI1172893522,487.39,INR,2026-08-28,NEFT CR RAZORPAY ICICI1172893522
bnk_000000212,setl_000000212,ICICI3214080278,3417.18,INR,2026-08-22,NEFT CR RAZORPAY ICICI3214080278
bnk_000000213,setl_000000213,KKBK7581349462,1953.39,INR,2026-08-30,NEFT CR RAZORPAY KKBK7581349462
bnk_000000214,setl_000000214,SBIN7801948900,487.96,INR,2026-08-24,NEFT CR RAZORPAY SBIN7801948900
bnk_000000215,setl_000000215,KKBK3063511828,11717.58,INR,2026-08-28,NEFT CR RAZORPAY KKBK3063511828
bnk_000000216,setl_000000216,ICICI9725528903,878.02,INR,2026-08-17,NEFT CR RAZORPAY ICICI9725528903
bnk_000000217,setl_000000217,ICICI9248574674,488.10,INR,2026-08-19,NEFT CR RAZORPAY ICICI9248574674
bnk_000000218,setl_000000218,SBIN7551874474,3416.64,INR,2026-08-24,NEFT CR RAZORPAY SBIN7551874474
bnk_000000219,setl_000000219,AXIS7915226263,1952.12,INR,2026-08-21,NEFT CR RAZORPAY AXIS7915226263
bnk_000000220,setl_000000220,AXIS8607135564,1452.68,INR,2026-08-28,NEFT CR RAZORPAY AXIS8607135564
bnk_000000221,setl_000000221,AXIS2236045959,11717.27,INR,2026-08-23,NEFT CR RAZORPAY AXIS2236045959
bnk_000000222,setl_000000222,AXIS5634396131,7323.81,INR,2026-08-21,NEFT CR RAZORPAY AXIS5634396131
bnk_000000223,setl_000000223,AXIS8285000265,1220.63,INR,2026-08-26,NEFT CR RAZORPAY AXIS8285000265
bnk_000000224,setl_000000224,KKBK2000025413,878.29,INR,2026-08-22,NEFT CR RAZORPAY KKBK2000025413
bnk_000000225,setl_000000225,KKBK5973319056,7323.60,INR,2026-08-27,NEFT CR RAZORPAY KKBK5973319056
bnk_000000226,setl_000000226,HDFC9974165440,1952.49,INR,2026-08-28,NEFT CR RAZORPAY HDFC9974165440
bnk_000000227,setl_000000227,ICICI8886432673,7323.23,INR,2026-08-28,NEFT CR RAZORPAY ICICI8886432673
bnk_000000228,setl_000000228,KKBK3588933132,3416.77,INR,2026-08-24,NEFT CR RAZORPAY KKBK3588933132
bnk_000000229,setl_000000229,ICICI7305101214,1951.96,INR,2026-08-22,NEFT CR RAZORPAY ICICI7305101214
bnk_000000230,setl_000000230,ICICI9650425740,3416.78,INR,2026-08-26,NEFT CR RAZORPAY ICICI9650425740
bnk_000000231,setl_000000231,SBIN8846861559,11717.20,INR,2026-08-18,NEFT CR RAZORPAY SBIN8846861559
bnk_000000232,setl_000000232,ICICI7345617046,1951.82,INR,2026-08-21,NEFT CR RAZORPAY ICICI7345617046
bnk_000000233,setl_000000233,AXIS5344083406,3417.28,INR,2026-08-20,NEFT CR RAZORPAY AXIS5344083406
bnk_000000234,setl_000000234,ICICI6562144159,1952.09,INR,2026-08-19,NEFT CR RAZORPAY ICICI6562144159
bnk_000000235,setl_000000235,KKBK6899673770,11717.39,INR,2026-08-29,NEFT CR RAZORPAY KKBK6899673770
bnk_000000236,setl_000000236,KKBK9941564880,7323.66,INR,2026-08-28,NEFT CR RAZORPAY KKBK9941564880
bnk_000000237,setl_000000237,KKBK3304937838,1220.90,INR,2026-08-30,NEFT CR RAZORPAY KKBK3304937838
bnk_000000238,setl_000000238,KKBK3099500153,11717.36,INR,2026-08-29,NEFT CR RAZORPAY KKBK3099500153
bnk_000000239,setl_000000239,SBIN3421980125,11717.38,INR,2026-08-27,NEFT CR RAZORPAY SBIN3421980125
bnk_000000240,setl_000000240,HDFC4203205881,877.83,INR,2026-08-23,NEFT CR RAZORPAY HDFC4203205881
bnk_000000241,setl_000000241,HDFC9305502799,487.57,INR,2026-08-23,NEFT CR RAZORPAY HDFC9305502799
bnk_000000242,setl_000000242,SBIN9123215994,7323.47,INR,2026-08-23,NEFT CR RAZORPAY SBIN9123215994
bnk_000000243,setl_000000243,AXIS1509525588,11717.29,INR,2026-08-25,NEFT CR RAZORPAY AXIS1509525588
bnk_000000244,setl_000000244,HDFC9497552788,7323.84,INR,2026-08-28,NEFT CR RAZORPAY HDFC9497552788
bnk_000000245,setl_000000245,ICICI7273337794,1220.84,INR,2026-08-20,NEFT CR RAZORPAY ICICI7273337794
bnk_000000246,setl_000000246,HDFC2033653860,877.90,INR,2026-08-26,NEFT CR RAZORPAY HDFC2033653860
bnk_000000247,setl_000000247,HDFC7022683808,1952.50,INR,2026-08-20,NEFT CR RAZORPAY HDFC7022683808
bnk_000000248,setl_000000248,KKBK2377246195,1952.98,INR,2026-08-27,NEFT CR RAZORPAY KKBK2377246195
bnk_000000249,setl_000000249,HDFC8210176888,11717.42,INR,2026-08-17,NEFT CR RAZORPAY HDFC8210176888
bnk_000000250,setl_000000250,AXIS8285589122,4881.21,INR,2026-08-21,NEFT CR RAZORPAY AXIS8285589122
bnk_000000251,setl_000000251,ICICI4039019230,7323.07,INR,2026-08-25,NEFT CR RAZORPAY ICICI4039019230
bnk_000000252,setl_000000252,AXIS6168291913,878.34,INR,2026-08-30,NEFT CR RAZORPAY AXIS6168291913
bnk_000000253,setl_000000253,SBIN3589530484,878.02,INR,2026-08-29,NEFT CR RAZORPAY SBIN3589530484
bnk_000000254,setl_000000254,AXIS4904100195,1952.06,INR,2026-08-28,NEFT CR RAZORPAY AXIS4904100195
bnk_000000255,setl_000000255,KKBK4022663059,4481.31,INR,2026-08-25,NEFT CR RAZORPAY KKBK4022663059
bnk_000000256,setl_000000256,AXIS6619630925,3417.06,INR,2026-08-24,NEFT CR RAZORPAY AXIS6619630925
bnk_000000257,setl_000000257,AXIS4927019611,3416.81,INR,2026-08-23,NEFT CR RAZORPAY AXIS4927019611
bnk_000000258,setl_000000258,HDFC7088451458,1220.75,INR,2026-08-22,NEFT CR RAZORPAY HDFC7088451458
bnk_000000259,setl_000000259,AXIS8823677798,7323.57,INR,2026-08-19,NEFT CR RAZORPAY AXIS8823677798
bnk_000000260,setl_000000260,SBIN5111301175,11716.84,INR,2026-08-30,NEFT CR RAZORPAY SBIN5111301175
bnk_000000261,setl_000000261,SBIN3708842947,878.66,INR,2026-08-19,NEFT CR RAZORPAY SBIN3708842947
bnk_000000262,setl_000000262,KKBK9215204939,7323.02,INR,2026-08-17,NEFT CR RAZORPAY KKBK9215204939
bnk_000000263,setl_000000263,KKBK8396761430,11717.15,INR,2026-08-17,NEFT CR RAZORPAY KKBK8396761430
bnk_000000264,setl_000000264,ICICI1639509845,1952.59,INR,2026-08-25,NEFT CR RAZORPAY ICICI1639509845
bnk_000000265,setl_000000265,SBIN5634352383,4881.59,INR,2026-08-26,NEFT CR RAZORPAY SBIN5634352383
bnk_000000266,setl_000000266,HDFC4262396395,878.28,INR,2026-08-23,NEFT CR RAZORPAY HDFC4262396395
bnk_000000267,setl_000000267,HDFC4018696945,878.40,INR,2026-08-30,NEFT CR RAZORPAY HDFC4018696945
bnk_000000268,setl_000000268,HDFC4947728706,1952.08,INR,2026-08-30,NEFT CR RAZORPAY HDFC4947728706
bnk_000000269,setl_000000269,HDFC3826557688,1220.89,INR,2026-08-17,NEFT CR RAZORPAY HDFC3826557688
bnk_000000270,setl_000000270,SBIN4989487508,1953.00,INR,2026-08-26,NEFT CR RAZORPAY SBIN4989487508
bnk_000000271,setl_000000271,KKBK6719736115,1221.36,INR,2026-08-28,NEFT CR RAZORPAY KKBK6719736115
bnk_000000272,setl_000000272,SBIN5621463184,4881.99,INR,2026-08-22,NEFT CR RAZORPAY SBIN5621463184
bnk_000000273,setl_000000273,SBIN3107125807,3417.11,INR,2026-08-23,NEFT CR RAZORPAY SBIN3107125807
bnk_000000274,setl_000000274,KKBK1315708805,1952.99,INR,2026-08-23,NEFT CR RAZORPAY KKBK1315708805
bnk_000000275,setl_000000275,HDFC1393077279,1953.35,INR,2026-08-22,NEFT CR RAZORPAY HDFC1393077279
bnk_000000276,setl_000000276,SBIN2752536389,487.33,INR,2026-08-22,NEFT CR RAZORPAY SBIN2752536389
bnk_000000277,setl_000000277,HDFC6548442140,4881.99,INR,2026-08-18,NEFT CR RAZORPAY HDFC6548442140
bnk_000000278,setl_000000278,ICICI8238377072,1220.67,INR,2026-08-21,NEFT CR RAZORPAY ICICI8238377072
bnk_000000279,setl_000000279,ICICI7161887665,4881.39,INR,2026-08-24,NEFT CR RAZORPAY ICICI7161887665
bnk_000000280,setl_000000280,SBIN6134840512,377.95,INR,2026-08-21,NEFT CR RAZORPAY SBIN6134840512
bnk_000000281,setl_000000281,AXIS7185710340,4881.83,INR,2026-08-26,NEFT CR RAZORPAY AXIS7185710340
bnk_000000282,setl_000000282,ICICI7352298473,1220.99,INR,2026-08-22,NEFT CR RAZORPAY ICICI7352298473
bnk_000000283,setl_000000283,ICICI6694638039,1906.08,INR,2026-08-22,NEFT CR RAZORPAY ICICI6694638039
bnk_000000284,setl_000000284,KKBK8418324922,1952.37,INR,2026-08-29,NEFT CR RAZORPAY KKBK8418324922
bnk_000000285,setl_000000285,SBIN8185384294,1221.29,INR,2026-08-21,NEFT CR RAZORPAY SBIN8185384294
bnk_000000286,setl_000000286,SBIN5612645121,7323.73,INR,2026-08-23,NEFT CR RAZORPAY SBIN5612645121
bnk_000000287,setl_000000287,AXIS4927323476,878.74,INR,2026-08-20,NEFT CR RAZORPAY AXIS4927323476
bnk_000000288,setl_000000288,KKBK9780187424,4881.96,INR,2026-08-22,NEFT CR RAZORPAY KKBK9780187424
bnk_000000289,setl_000000289,ICICI3470617247,7323.46,INR,2026-08-23,NEFT CR RAZORPAY ICICI3470617247
bnk_000000290,setl_000000290,HDFC3073486033,1953.32,INR,2026-08-18,NEFT CR RAZORPAY HDFC3073486033
bnk_000000291,setl_000000291,AXIS7369118672,7323.12,INR,2026-08-24,NEFT CR RAZORPAY AXIS7369118672
bnk_000000292,setl_000000292,HDFC4436189121,1952.47,INR,2026-08-19,NEFT CR RAZORPAY HDFC4436189121
bnk_000000293,setl_000000293,SBIN1792214339,4881.51,INR,2026-08-17,NEFT CR RAZORPAY SBIN1792214339
bnk_000000294,setl_000000294,SBIN2670036982,1952.07,INR,2026-08-21,NEFT CR RAZORPAY SBIN2670036982
bnk_000000295,setl_000000295,KKBK6097953682,3416.67,INR,2026-08-24,NEFT CR RAZORPAY KKBK6097953682
bnk_000000296,setl_000000296,AXIS7858937483,4881.75,INR,2026-08-18,NEFT CR RAZORPAY AXIS7858937483
bnk_000000297,setl_000000297,AXIS3534753843,1220.89,INR,2026-08-18,NEFT CR RAZORPAY AXIS3534753843
bnk_000000298,setl_000000298,ICICI7488943393,4881.76,INR,2026-08-19,NEFT CR RAZORPAY ICICI7488943393
bnk_000000299,setl_000000299,KKBK5294535887,11717.01,INR,2026-08-24,NEFT CR RAZORPAY KKBK5294535887
bnk_000000300,setl_000000300,SBIN3660345628,3416.43,INR,2026-08-24,NEFT CR RAZORPAY SBIN3660345628
bnk_000000301,setl_000000301,KKBK8099880573,4763.87,INR,2026-08-24,NEFT CR RAZORPAY KKBK8099880573
bnk_000000302,setl_000000302,HDFC3428365056,1952.18,INR,2026-08-17,NEFT CR RAZORPAY HDFC3428365056
bnk_000000303,setl_000000303,SBIN3193894984,878.11,INR,2026-08-29,NEFT CR RAZORPAY SBIN3193894984
bnk_000000304,setl_000000304,HDFC2826025489,1952.19,INR,2026-08-30,NEFT CR RAZORPAY HDFC2826025489
bnk_000000305,setl_000000305,HDFC5269015757,1952.07,INR,2026-08-29,NEFT CR RAZORPAY HDFC5269015757
bnk_000000306,setl_000000306,KKBK8012696455,1221.26,INR,2026-08-19,NEFT CR RAZORPAY KKBK8012696455
bnk_000000307,setl_000000307,KKBK3313993297,3417.30,INR,2026-08-21,NEFT CR RAZORPAY KKBK3313993297
bnk_000000308,setl_000000308,KKBK1408988968,3881.09,INR,2026-08-21,NEFT CR RAZORPAY KKBK1408988968
bnk_000000309,setl_000000309,AXIS4558302256,4881.63,INR,2026-08-19,NEFT CR RAZORPAY AXIS4558302256
bnk_000000310,setl_000000310,SBIN2941289685,878.28,INR,2026-08-25,NEFT CR RAZORPAY SBIN2941289685
bnk_000000311,setl_000000311,SBIN4147025728,7323.79,INR,2026-08-27,NEFT CR RAZORPAY SBIN4147025728
bnk_000000312,setl_000000312,SBIN6204862411,1953.20,INR,2026-08-30,NEFT CR RAZORPAY SBIN6204862411
bnk_000000313,setl_000000313,SBIN8680705725,487.27,INR,2026-08-18,NEFT CR RAZORPAY SBIN8680705725
bnk_000000314,setl_000000314,ICICI7190276026,487.75,INR,2026-08-20,NEFT CR RAZORPAY ICICI7190276026
bnk_000000315,setl_000000315,AXIS9990826771,3416.73,INR,2026-08-18,NEFT CR RAZORPAY AXIS9990826771
bnk_000000316,setl_000000316,AXIS4243697409,4881.83,INR,2026-08-18,NEFT CR RAZORPAY AXIS4243697409
bnk_000000317,setl_000000317,ICICI3549834042,11717.65,INR,2026-08-24,NEFT CR RAZORPAY ICICI3549834042
bnk_000000318,setl_000000318,SBIN3980840461,7323.09,INR,2026-08-20,NEFT CR RAZORPAY SBIN3980840461
bnk_000000319,setl_000000319,AXIS9078786223,1220.97,INR,2026-08-29,NEFT CR RAZORPAY AXIS9078786223
bnk_000000320,setl_000000320,KKBK9626333315,1221.05,INR,2026-08-22,NEFT CR RAZORPAY KKBK9626333315
bnk_000000321,setl_000000321,KKBK8243746556,1801.93,INR,2026-08-18,NEFT CR RAZORPAY KKBK8243746556
bnk_000000322,setl_000000322,SBIN1600566083,1953.60,INR,2026-08-18,NEFT CR RAZORPAY SBIN1600566083
bnk_000000323,setl_000000323,HDFC2295574037,11717.55,INR,2026-08-25,NEFT CR RAZORPAY HDFC2295574037
bnk_000000324,setl_000000324,HDFC6322929387,4881.16,INR,2026-08-20,NEFT CR RAZORPAY HDFC6322929387
bnk_000000325,setl_000000325,HDFC9533595495,3416.58,INR,2026-08-23,NEFT CR RAZORPAY HDFC9533595495
bnk_000000326,setl_000000326,ICICI8570850267,877.80,INR,2026-08-26,NEFT CR RAZORPAY ICICI8570850267
bnk_000000327,setl_000000327,HDFC8589679668,4881.89,INR,2026-08-23,NEFT CR RAZORPAY HDFC8589679668
bnk_000000328,setl_000000328,AXIS9929329605,1952.01,INR,2026-08-25,NEFT CR RAZORPAY AXIS9929329605
bnk_000000329,setl_000000329,SBIN4635552887,487.52,INR,2026-08-18,NEFT CR RAZORPAY SBIN4635552887
bnk_000000330,setl_000000330,HDFC4181102664,877.79,INR,2026-08-28,NEFT CR RAZORPAY HDFC4181102664
bnk_000000331,setl_000000331,AXIS8390631634,1220.96,INR,2026-08-19,NEFT CR RAZORPAY AXIS8390631634
bnk_000000332,setl_000000332,HDFC7138902282,11716.88,INR,2026-08-21,NEFT CR RAZORPAY HDFC7138902282
bnk_000000333,setl_000000333,KKBK2546720356,7323.71,INR,2026-08-19,NEFT CR RAZORPAY KKBK2546720356
bnk_000000334,setl_000000334,KKBK1495354059,11716.80,INR,2026-08-17,NEFT CR RAZORPAY KKBK1495354059
bnk_000000335,setl_000000335,SBIN4952342924,1220.54,INR,2026-08-25,NEFT CR RAZORPAY SBIN4952342924
bnk_000000336,setl_000000336,SBIN6669078244,878.50,INR,2026-08-22,NEFT CR RAZORPAY SBIN6669078244
bnk_000000337,setl_000000337,KKBK5215140451,4881.10,INR,2026-08-24,NEFT CR RAZORPAY KKBK5215140451
bnk_000000338,setl_000000338,KKBK2961709893,3416.67,INR,2026-08-21,NEFT CR RAZORPAY KKBK2961709893
bnk_000000339,setl_000000339,ICICI7287517250,7323.96,INR,2026-08-29,NEFT CR RAZORPAY ICICI7287517250
bnk_000000340,setl_000000340,SBIN1102693781,11717.23,INR,2026-08-27,NEFT CR RAZORPAY SBIN1102693781
bnk_000000341,setl_000000341,SBIN8418332121,878.03,INR,2026-08-25,NEFT CR RAZORPAY SBIN8418332121
bnk_000000342,setl_000000342,ICICI8351491401,856.61,INR,2026-08-20,NEFT CR RAZORPAY ICICI8351491401
bnk_000000343,setl_000000343,HDFC3494390866,11716.97,INR,2026-08-27,NEFT CR RAZORPAY HDFC3494390866
bnk_000000344,setl_000000344,ICICI6311894154,1953.19,INR,2026-08-29,NEFT CR RAZORPAY ICICI6311894154
bnk_000000345,setl_000000345,AXIS2003352579,1951.99,INR,2026-08-29,NEFT CR RAZORPAY AXIS2003352579
bnk_000000346,setl_000000346,SBIN7296658772,4881.17,INR,2026-08-25,NEFT CR RAZORPAY SBIN7296658772
bnk_000000347,setl_000000347,SBIN1515024824,1221.35,INR,2026-08-21,NEFT CR RAZORPAY SBIN1515024824
bnk_000000348,setl_000000348,AXIS1637045876,1952.26,INR,2026-08-23,NEFT CR RAZORPAY AXIS1637045876
bnk_000000349,setl_000000349,ICICI2073108894,7323.13,INR,2026-08-29,NEFT CR RAZORPAY ICICI2073108894
bnk_000000350,setl_000000350,ICICI1561417687,4881.48,INR,2026-08-27,NEFT CR RAZORPAY ICICI1561417687
bnk_000000351,setl_000000351,AXIS1322067505,878.03,INR,2026-08-27,NEFT CR RAZORPAY AXIS1322067505
bnk_000000352,setl_000000352,AXIS1526252306,7323.06,INR,2026-08-19,NEFT CR RAZORPAY AXIS1526252306
bnk_000000353,setl_000000353,SBIN8229344434,1220.94,INR,2026-08-20,NEFT CR RAZORPAY SBIN8229344434
bnk_000000354,setl_000000354,ICICI9738752801,1952.62,INR,2026-08-21,NEFT CR RAZORPAY ICICI9738752801
bnk_000000355,setl_000000355,AXIS2645038111,4881.27,INR,2026-08-27,NEFT CR RAZORPAY AXIS2645038111
bnk_000000357,setl_000000357,AXIS3564595211,488.19,INR,2026-08-21,NEFT CR RAZORPAY AXIS3564595211
bnk_000000358,setl_000000358,KKBK5293274004,1220.62,INR,2026-08-20,NEFT CR RAZORPAY KKBK5293274004
bnk_000000359,setl_000000359,HDFC5070780669,4881.46,INR,2026-08-30,NEFT CR RAZORPAY HDFC5070780669
bnk_000000360,setl_000000360,AXIS9711080868,3417.13,INR,2026-08-26,NEFT CR RAZORPAY AXIS9711080868
bnk_000000361,setl_000000361,SBIN7623374739,1221.11,INR,2026-08-17,NEFT CR RAZORPAY SBIN7623374739
bnk_000000362,setl_000000362,HDFC7556046460,487.63,INR,2026-08-26,NEFT CR RAZORPAY HDFC7556046460
bnk_000000363,setl_000000363,ICICI2389803385,487.40,INR,2026-08-26,NEFT CR RAZORPAY ICICI2389803385
bnk_000000364,setl_000000364,AXIS5125568431,3417.30,INR,2026-08-27,NEFT CR RAZORPAY AXIS5125568431
bnk_000000365,setl_000000365,AXIS9369574998,7323.81,INR,2026-08-22,NEFT CR RAZORPAY AXIS9369574998
bnk_000000366,setl_000000366,KKBK4498054328,4881.40,INR,2026-08-28,NEFT CR RAZORPAY KKBK4498054328
bnk_000000367,setl_000000367,KKBK1139082827,3417.18,INR,2026-08-20,NEFT CR RAZORPAY KKBK1139082827
bnk_000000368,setl_000000368,ICICI1334176969,3216.81,INR,2026-08-19,NEFT CR RAZORPAY ICICI1334176969
bnk_000000369,setl_000000369,AXIS1900587144,878.21,INR,2026-08-21,NEFT CR RAZORPAY AXIS1900587144
bnk_000000370,setl_000000370,SBIN8441393731,1221.01,INR,2026-08-24,NEFT CR RAZORPAY SBIN8441393731
bnk_000000371,setl_000000371,SBIN1968870456,7323.09,INR,2026-08-29,NEFT CR RAZORPAY SBIN1968870456
bnk_000000372,setl_000000372,HDFC5613655595,1220.97,INR,2026-08-19,NEFT CR RAZORPAY HDFC5613655595
bnk_000000373,setl_000000373,KKBK9131344493,487.76,INR,2026-08-27,NEFT CR RAZORPAY KKBK9131344493
bnk_000000374,setl_000000374,HDFC2422040412,1952.33,INR,2026-08-28,NEFT CR RAZORPAY HDFC2422040412
bnk_000000375,setl_000000375,AXIS2020262123,487.71,INR,2026-08-26,NEFT CR RAZORPAY AXIS2020262123
bnk_000000376,setl_000000376,AXIS5311355060,878.14,INR,2026-08-30,NEFT CR RAZORPAY AXIS5311355060
bnk_000000377,setl_000000377,HDFC1888856289,1952.90,INR,2026-08-24,NEFT CR RAZORPAY HDFC1888856289
bnk_000000378,setl_000000378,AXIS9981364488,11717.28,INR,2026-08-19,NEFT CR RAZORPAY AXIS9981364488
bnk_000000379,setl_000000379,SBIN5486595528,7323.58,INR,2026-08-21,NEFT CR RAZORPAY SBIN5486595528
bnk_000000380,setl_000000380,ICICI3866755218,878.61,INR,2026-08-22,NEFT CR RAZORPAY ICICI3866755218
bnk_000000381,setl_000000381,SBIN4786674545,7323.37,INR,2026-08-18,NEFT CR RAZORPAY SBIN4786674545
bnk_000000382,setl_000000382,KKBK3664052763,878.72,INR,2026-08-24,NEFT CR RAZORPAY KKBK3664052763
bnk_000000383,setl_000000383,ICICI5478258887,878.63,INR,2026-08-23,NEFT CR RAZORPAY ICICI5478258887
bnk_000000384,setl_000000384,AXIS4467514661,878.26,INR,2026-08-25,NEFT CR RAZORPAY AXIS4467514661
bnk_000000385,setl_000000385,KKBK4751509023,11717.32,INR,2026-08-18,NEFT CR RAZORPAY KKBK4751509023
bnk_000000386,setl_000000386,KKBK5035765954,878.49,INR,2026-08-29,NEFT CR RAZORPAY KKBK5035765954
bnk_000000387,setl_000000387,AXIS9065491438,1953.28,INR,2026-08-27,NEFT CR RAZORPAY AXIS9065491438
bnk_000000388,setl_000000388,AXIS2730759996,4881.06,INR,2026-08-23,NEFT CR RAZORPAY AXIS2730759996
bnk_000000389,setl_000000389,SBIN9249923427,3416.44,INR,2026-08-22,NEFT CR RAZORPAY SBIN9249923427
bnk_000000390,setl_000000390,HDFC1979069637,1953.73,INR,2026-08-24,NEFT CR RAZORPAY HDFC1979069637
bnk_000000391,setl_000000391,HDFC6102144947,1952.33,INR,2026-08-28,NEFT CR RAZORPAY HDFC6102144947
bnk_000000392,setl_000000392,KKBK4399425369,878.16,INR,2026-08-28,NEFT CR RAZORPAY KKBK4399425369
bnk_000000393,setl_000000393,KKBK1124331395,1952.07,INR,2026-08-30,NEFT CR RAZORPAY KKBK1124331395
bnk_000000394,setl_000000394,AXIS4026379752,1953.26,INR,2026-08-30,NEFT CR RAZORPAY AXIS4026379752
bnk_000000395,setl_000000395,HDFC3925621610,1952.28,INR,2026-08-24,NEFT CR RAZORPAY HDFC3925621610
bnk_000000396,setl_000000396,SBIN6797174636,1191.31,INR,2026-08-28,NEFT CR RAZORPAY SBIN6797174636
bnk_000000397,setl_000000397,ICICI6182870116,4881.66,INR,2026-08-17,NEFT CR RAZORPAY ICICI6182870116
bnk_000000398,setl_000000398,ICICI1036351450,1553.55,INR,2026-08-29,NEFT CR RAZORPAY ICICI1036351450
bnk_000000399,setl_000000399,AXIS7266348777,1952.40,INR,2026-08-21,NEFT CR RAZORPAY AXIS7266348777
bnk_000000400,setl_000000400,HDFC7910817577,1953.65,INR,2026-08-18,NEFT CR RAZORPAY HDFC7910817577
bnk_000000402,setl_000000402,ICICI4864126433,4881.84,INR,2026-08-22,NEFT CR RAZORPAY ICICI4864126433
bnk_000000403,setl_000000403,AXIS7092693247,4881.94,INR,2026-08-17,NEFT CR RAZORPAY AXIS7092693247
bnk_000000404,setl_000000404,ICICI3397657114,1952.92,INR,2026-08-24,NEFT CR RAZORPAY ICICI3397657114
bnk_000000405,setl_000000405,KKBK1383539822,3416.69,INR,2026-08-28,NEFT CR RAZORPAY KKBK1383539822
bnk_000000406,setl_000000406,KKBK6557907251,878.37,INR,2026-08-17,NEFT CR RAZORPAY KKBK6557907251
bnk_000000407,setl_000000407,ICICI3149533961,4881.68,INR,2026-08-21,NEFT CR RAZORPAY ICICI3149533961
bnk_000000408,setl_000000408,ICICI6766723248,7323.18,INR,2026-08-22,NEFT CR RAZORPAY ICICI6766723248
bnk_000000409,setl_000000409,ICICI1249166485,7323.34,INR,2026-08-20,NEFT CR RAZORPAY ICICI1249166485
bnk_000000410,setl_000000410,HDFC7139268005,4881.62,INR,2026-08-23,NEFT CR RAZORPAY HDFC7139268005
bnk_000000411,setl_000000411,HDFC9126105576,11717.04,INR,2026-08-17,NEFT CR RAZORPAY HDFC9126105576
bnk_000000412,setl_000000412,AXIS2340426053,878.26,INR,2026-08-25,NEFT CR RAZORPAY AXIS2340426053
bnk_000000413,setl_000000413,HDFC6544063167,11717.54,INR,2026-08-25,NEFT CR RAZORPAY HDFC6544063167
bnk_000000414,setl_000000414,SBIN1809283659,4881.04,INR,2026-08-20,NEFT CR RAZORPAY SBIN1809283659
bnk_000000415,setl_000000415,HDFC1725783958,3417.31,INR,2026-08-27,NEFT CR RAZORPAY HDFC1725783958
bnk_000000416,setl_000000416,KKBK9798613995,488.04,INR,2026-08-18,NEFT CR RAZORPAY KKBK9798613995
bnk_000000417,setl_000000417,HDFC7085004726,4881.17,INR,2026-08-25,NEFT CR RAZORPAY HDFC7085004726
bnk_000000418,setl_000000418,HDFC6588252632,878.60,INR,2026-08-25,NEFT CR RAZORPAY HDFC6588252632
bnk_000000419,setl_000000419,HDFC3652992543,1952.94,INR,2026-08-29,NEFT CR RAZORPAY HDFC3652992543
bnk_000000420,setl_000000420,AXIS5179517389,3417.30,INR,2026-08-23,NEFT CR RAZORPAY AXIS5179517389
bnk_000000421,setl_000000421,ICICI7359403225,1951.82,INR,2026-08-17,NEFT CR RAZORPAY ICICI7359403225
bnk_000000422,setl_000000422,SBIN3197757742,878.09,INR,2026-08-27,NEFT CR RAZORPAY SBIN3197757742
bnk_000000423,setl_000000423,HDFC6542943838,3416.95,INR,2026-08-28,NEFT CR RAZORPAY HDFC6542943838
bnk_000000424,setl_000000424,ICICI6027311960,3416.97,INR,2026-08-26,NEFT CR RAZORPAY ICICI6027311960
bnk_000000425,setl_000000425,AXIS1785418196,4881.52,INR,2026-08-24,NEFT CR RAZORPAY AXIS1785418196
bnk_000000426,setl_000000426,SBIN8730507757,1220.64,INR,2026-08-19,NEFT CR RAZORPAY SBIN8730507757
bnk_000000427,setl_000000427,KKBK2881894932,4881.99,INR,2026-08-22,NEFT CR RAZORPAY KKBK2881894932
bnk_000000428,setl_000000428,SBIN7061419749,487.30,INR,2026-08-21,NEFT CR RAZORPAY SBIN7061419749
bnk_000000429,setl_000000429,KKBK3426709025,3417.07,INR,2026-08-25,NEFT CR RAZORPAY KKBK3426709025
bnk_000000430,setl_000000430,ICICI7364839489,4881.21,INR,2026-08-30,NEFT CR RAZORPAY ICICI7364839489
bnk_000000431,setl_000000431,ICICI1710404224,7323.40,INR,2026-08-20,NEFT CR RAZORPAY ICICI1710404224
bnk_000000432,setl_000000432,KKBK8057994126,4881.31,INR,2026-08-18,NEFT CR RAZORPAY KKBK8057994126
bnk_000000433,setl_000000433,SBIN7215110267,878.40,INR,2026-08-28,NEFT CR RAZORPAY SBIN7215110267
bnk_000000434,setl_000000434,HDFC8178927766,3416.87,INR,2026-08-30,NEFT CR RAZORPAY HDFC8178927766
bnk_000000435,setl_000000435,AXIS8117478955,7323.14,INR,2026-08-18,NEFT CR RAZORPAY AXIS8117478955
bnk_000000436,setl_000000436,AXIS1456650521,1221.12,INR,2026-08-19,NEFT CR RAZORPAY AXIS1456650521
bnk_000000437,setl_000000437,ICICI8955114245,1952.39,INR,2026-08-30,NEFT CR RAZORPAY ICICI8955114245
bnk_000000438,setl_000000438,SBIN9125023089,7323.82,INR,2026-08-26,NEFT CR RAZORPAY SBIN9125023089
bnk_000000439,setl_000000439,HDFC7808041613,11717.77,INR,2026-08-19,NEFT CR RAZORPAY HDFC7808041613
bnk_000000440,setl_000000440,KKBK9080510951,4881.77,INR,2026-08-28,NEFT CR RAZORPAY KKBK9080510951
bnk_000000441,setl_000000441,AXIS1572827654,4763.77,INR,2026-08-28,NEFT CR RAZORPAY AXIS1572827654
bnk_000000442,setl_000000442,KKBK3716924538,1952.07,INR,2026-08-26,NEFT CR RAZORPAY KKBK3716924538
bnk_000000443,setl_000000443,ICICI5115980792,11567.48,INR,2026-08-28,NEFT CR RAZORPAY ICICI5115980792
bnk_000000444,setl_000000444,KKBK8934097788,487.87,INR,2026-08-18,NEFT CR RAZORPAY KKBK8934097788
bnk_000000445,setl_000000445,HDFC6153541642,1220.85,INR,2026-08-27,NEFT CR RAZORPAY HDFC6153541642
bnk_000000446,setl_000000446,AXIS3324316421,3416.98,INR,2026-08-18,NEFT CR RAZORPAY AXIS3324316421
bnk_000000447,setl_000000447,KKBK2670255496,11717.67,INR,2026-08-21,NEFT CR RAZORPAY KKBK2670255496
bnk_000000448,setl_000000448,AXIS1231078662,1953.05,INR,2026-08-26,NEFT CR RAZORPAY AXIS1231078662
bnk_000000449,setl_000000449,AXIS3591527330,1802.18,INR,2026-08-24,NEFT CR RAZORPAY AXIS3591527330
bnk_000000450,setl_000000450,KKBK5807588013,475.96,INR,2026-08-21,NEFT CR RAZORPAY KKBK5807588013
bnk_000000451,setl_000000451,AXIS5319212967,7323.88,INR,2026-08-19,NEFT CR RAZORPAY AXIS5319212967
bnk_000000452,setl_000000452,KKBK6588417397,11717.24,INR,2026-08-18,NEFT CR RAZORPAY KKBK6588417397
bnk_000000453,setl_000000453,KKBK3169561289,4763.71,INR,2026-08-25,NEFT CR RAZORPAY KKBK3169561289
bnk_000000454,setl_000000454,ICICI8143967196,3416.87,INR,2026-08-21,NEFT CR RAZORPAY ICICI8143967196
bnk_000000455,setl_000000455,HDFC6781057298,1952.62,INR,2026-08-26,NEFT CR RAZORPAY HDFC6781057298
bnk_000000456,setl_000000456,AXIS5781905054,1953.48,INR,2026-08-28,NEFT CR RAZORPAY AXIS5781905054
bnk_000000457,setl_000000457,KKBK7208619610,487.58,INR,2026-08-27,NEFT CR RAZORPAY KKBK7208619610
bnk_000000458,setl_000000458,ICICI3290101581,678.03,INR,2026-08-27,NEFT CR RAZORPAY ICICI3290101581
bnk_000000459,setl_000000459,ICICI8624454880,878.71,INR,2026-08-27,NEFT CR RAZORPAY ICICI8624454880
bnk_000000460,setl_000000460,HDFC1375899416,487.44,INR,2026-08-29,NEFT CR RAZORPAY HDFC1375899416
bnk_000000461,setl_000000461,ICICI9207624837,4881.50,INR,2026-08-24,NEFT CR RAZORPAY ICICI9207624837
bnk_000000462,setl_000000462,SBIN3891796055,11716.80,INR,2026-08-27,NEFT CR RAZORPAY SBIN3891796055
bnk_000000463,setl_000000463,HDFC3159668272,1953.65,INR,2026-08-21,NEFT CR RAZORPAY HDFC3159668272
bnk_000000464,setl_000000464,SBIN6933126143,487.81,INR,2026-08-19,NEFT CR RAZORPAY SBIN6933126143
bnk_000000465,setl_000000465,KKBK3723205427,1953.64,INR,2026-08-29,NEFT CR RAZORPAY KKBK3723205427
bnk_000000466,setl_000000466,KKBK1607196157,487.22,INR,2026-08-26,NEFT CR RAZORPAY KKBK1607196157
bnk_000000467,setl_000000467,AXIS6204370540,11716.98,INR,2026-08-19,NEFT CR RAZORPAY AXIS6204370540
bnk_000000468,setl_000000468,ICICI7652264884,11716.89,INR,2026-08-21,NEFT CR RAZORPAY ICICI7652264884
bnk_000000469,setl_000000469,KKBK6715961218,1221.33,INR,2026-08-27,NEFT CR RAZORPAY KKBK6715961218
bnk_000000470,setl_000000470,ICICI6659847491,7323.41,INR,2026-08-26,NEFT CR RAZORPAY ICICI6659847491
bnk_000000471,setl_000000471,AXIS8764011369,4881.23,INR,2026-08-17,NEFT CR RAZORPAY AXIS8764011369
bnk_000000472,setl_000000472,SBIN2543980627,3417.02,INR,2026-08-24,NEFT CR RAZORPAY SBIN2543980627
bnk_000000473,setl_000000473,HDFC3605446007,1952.97,INR,2026-08-25,NEFT CR RAZORPAY HDFC3605446007
bnk_000000474,setl_000000474,HDFC3712815143,4881.98,INR,2026-08-26,NEFT CR RAZORPAY HDFC3712815143
bnk_000000475,setl_000000475,KKBK7612862866,1220.95,INR,2026-08-23,NEFT CR RAZORPAY KKBK7612862866
bnk_000000476,setl_000000476,KKBK3192202822,4881.47,INR,2026-08-25,NEFT CR RAZORPAY KKBK3192202822
bnk_000000477,setl_000000477,KKBK3938451957,11716.97,INR,2026-08-24,NEFT CR RAZORPAY KKBK3938451957
bnk_000000478,setl_000000478,SBIN9328694308,487.49,INR,2026-08-29,NEFT CR RAZORPAY SBIN9328694308
bnk_000000479,setl_000000479,ICICI9773795424,1952.47,INR,2026-08-29,NEFT CR RAZORPAY ICICI9773795424
bnk_000000480,setl_000000480,HDFC8080359881,478.66,INR,2026-08-25,NEFT CR RAZORPAY HDFC8080359881
bnk_000000481,setl_000000481,KKBK6041646576,4881.47,INR,2026-08-26,NEFT CR RAZORPAY KKBK6041646576
bnk_000000482,setl_000000482,SBIN7038046278,3417.03,INR,2026-08-29,NEFT CR RAZORPAY SBIN7038046278
bnk_000000483,setl_000000483,ICICI2889350539,1951.91,INR,2026-08-25,NEFT CR RAZORPAY ICICI2889350539
bnk_000000484,setl_000000484,ICICI6284297249,3417.32,INR,2026-08-18,NEFT CR RAZORPAY ICICI6284297249
bnk_000000485,setl_000000485,KKBK8874242713,487.52,INR,2026-08-17,NEFT CR RAZORPAY KKBK8874242713
bnk_000000486,setl_000000486,KKBK3457877922,487.43,INR,2026-08-21,NEFT CR RAZORPAY KKBK3457877922
bnk_000000487,setl_000000487,KKBK3738568701,1952.90,INR,2026-08-20,NEFT CR RAZORPAY KKBK3738568701
bnk_000000488,setl_000000488,ICICI4296344958,11717.12,INR,2026-08-19,NEFT CR RAZORPAY ICICI4296344958
bnk_000000489,setl_000000489,HDFC6282009986,4881.18,INR,2026-08-18,NEFT CR RAZORPAY HDFC6282009986
bnk_000000490,setl_000000490,KKBK1413599241,7323.76,INR,2026-08-26,NEFT CR RAZORPAY KKBK1413599241
bnk_000000491,setl_000000491,ICICI7101791420,488.09,INR,2026-08-25,NEFT CR RAZORPAY ICICI7101791420
bnk_000000492,setl_000000492,SBIN3474420092,4881.19,INR,2026-08-21,NEFT CR RAZORPAY SBIN3474420092
bnk_000000493,setl_000000493,HDFC7050091525,1801.82,INR,2026-08-28,NEFT CR RAZORPAY HDFC7050091525
bnk_000000494,setl_000000494,ICICI6651754819,3416.55,INR,2026-08-19,NEFT CR RAZORPAY ICICI6651754819
bnk_000000495,setl_000000495,KKBK8218146534,1952.33,INR,2026-08-25,NEFT CR RAZORPAY KKBK8218146534
bnk_000000496,setl_000000496,KKBK7372701375,1953.52,INR,2026-08-22,NEFT CR RAZORPAY KKBK7372701375
bnk_000000497,setl_000000497,HDFC4211837506,7323.87,INR,2026-08-19,NEFT CR RAZORPAY HDFC4211837506
bnk_000000498,setl_000000498,KKBK1223565082,4881.81,INR,2026-08-17,NEFT CR RAZORPAY KKBK1223565082
bnk_000000499,setl_000000499,KKBK2869931869,878.10,INR,2026-08-20,NEFT CR RAZORPAY KKBK2869931869
bnk_000000500,setl_000000500,SBIN7532669066,488.19,INR,2026-08-30,NEFT CR RAZORPAY SBIN7532669066
bnk_000000501,setl_000000501,ICICI7520418699,1951.86,INR,2026-08-29,NEFT CR RAZORPAY ICICI7520418699
bnk_000000502,setl_000000502,HDFC2545071541,487.42,INR,2026-08-18,NEFT CR RAZORPAY HDFC2545071541
bnk_000000503,setl_000000503,SBIN9655933303,877.89,INR,2026-08-25,NEFT CR RAZORPAY SBIN9655933303
bnk_000000504,setl_000000504,AXIS5136298935,7323.50,INR,2026-08-26,NEFT CR RAZORPAY AXIS5136298935
bnk_000000505,setl_000000505,HDFC3399300652,11717.16,INR,2026-08-22,NEFT CR RAZORPAY HDFC3399300652
bnk_000000506,setl_000000506,KKBK8626138802,7323.73,INR,2026-08-30,NEFT CR RAZORPAY KKBK8626138802
bnk_000000507,setl_000000507,SBIN5270048042,1952.21,INR,2026-08-23,NEFT CR RAZORPAY SBIN5270048042
bnk_000000508,setl_000000508,AXIS6361225622,878.28,INR,2026-08-27,NEFT CR RAZORPAY AXIS6361225622
bnk_000000509,setl_000000509,AXIS7759044245,1221.43,INR,2026-08-27,NEFT CR RAZORPAY AXIS7759044245
bnk_000000510,setl_000000510,ICICI9043367776,1952.10,INR,2026-08-20,NEFT CR RAZORPAY ICICI9043367776
bnk_000000511,setl_000000511,HDFC9927036153,7323.76,INR,2026-08-17,NEFT CR RAZORPAY HDFC9927036153
bnk_000000512,setl_000000512,AXIS9026301048,7323.23,INR,2026-08-29,NEFT CR RAZORPAY AXIS9026301048
bnk_000000513,setl_000000513,KKBK1550812184,11717.33,INR,2026-08-24,NEFT CR RAZORPAY KKBK1550812184
bnk_000000514,setl_000000514,ICICI7520641417,3417.28,INR,2026-08-17,NEFT CR RAZORPAY ICICI7520641417
bnk_000000515,setl_000000515,HDFC6692705133,1953.03,INR,2026-08-25,NEFT CR RAZORPAY HDFC6692705133
bnk_000000516,setl_000000516,KKBK6768555384,1221.12,INR,2026-08-23,NEFT CR RAZORPAY KKBK6768555384
bnk_000000517,setl_000000517,SBIN6495967005,1221.22,INR,2026-08-19,NEFT CR RAZORPAY SBIN6495967005
bnk_000000518,setl_000000518,AXIS4453529865,11717.34,INR,2026-08-30,NEFT CR RAZORPAY AXIS4453529865
bnk_000000519,setl_000000519,ICICI1041842844,4881.64,INR,2026-08-19,NEFT CR RAZORPAY ICICI1041842844
bnk_000000520,setl_000000520,AXIS5499877198,878.64,INR,2026-08-19,NEFT CR RAZORPAY AXIS5499877198
bnk_000000521,setl_000000521,HDFC6732306182,3416.87,INR,2026-08-25,NEFT CR RAZORPAY HDFC6732306182
bnk_000000522,setl_000000522,SBIN5815678365,1952.54,INR,2026-08-26,NEFT CR RAZORPAY SBIN5815678365
bnk_000000523,setl_000000523,AXIS6820149016,11717.35,INR,2026-08-29,NEFT CR RAZORPAY AXIS6820149016
bnk_000000524,setl_000000524,SBIN6744039057,4881.11,INR,2026-08-18,NEFT CR RAZORPAY SBIN6744039057
bnk_000000525,setl_000000525,AXIS8346255879,4881.35,INR,2026-08-24,NEFT CR RAZORPAY AXIS8346255879
bnk_000000526,setl_000000526,ICICI4668811953,1221.41,INR,2026-08-20,NEFT CR RAZORPAY ICICI4668811953
bnk_000000527,setl_000000527,SBIN1442421654,878.37,INR,2026-08-25,NEFT CR RAZORPAY SBIN1442421654
bnk_000000528,setl_000000528,HDFC5741336386,1220.60,INR,2026-08-27,NEFT CR RAZORPAY HDFC5741336386
bnk_000000529,setl_000000529,AXIS1542934161,11717.01,INR,2026-08-17,NEFT CR RAZORPAY AXIS1542934161
bnk_000000530,setl_000000530,AXIS9006854740,7323.68,INR,2026-08-21,NEFT CR RAZORPAY AXIS9006854740
bnk_000000531,setl_000000531,KKBK7861571879,4763.69,INR,2026-08-27,NEFT CR RAZORPAY KKBK7861571879
bnk_000000532,setl_000000532,SBIN3317856944,478.33,INR,2026-08-21,NEFT CR RAZORPAY SBIN3317856944
bnk_000000533,setl_000000533,HDFC5880373288,1953.39,INR,2026-08-25,NEFT CR RAZORPAY HDFC5880373288
bnk_000000534,setl_000000534,SBIN2286817379,4681.38,INR,2026-08-26,NEFT CR RAZORPAY SBIN2286817379
bnk_000000535,setl_000000535,KKBK7172324849,1952.02,INR,2026-08-28,NEFT CR RAZORPAY KKBK7172324849
bnk_000000536,setl_000000536,HDFC8235474949,1953.61,INR,2026-08-28,NEFT CR RAZORPAY HDFC8235474949
bnk_000000537,setl_000000537,HDFC1783432867,1952.94,INR,2026-08-27,NEFT CR RAZORPAY HDFC1783432867
bnk_000000538,setl_000000538,KKBK3113106808,3416.44,INR,2026-08-19,NEFT CR RAZORPAY KKBK3113106808
bnk_000000539,setl_000000539,HDFC6506640008,1221.39,INR,2026-08-24,NEFT CR RAZORPAY HDFC6506640008
bnk_000000540,setl_000000540,SBIN6227783030,4881.40,INR,2026-08-29,NEFT CR RAZORPAY SBIN6227783030
bnk_000000541,setl_000000541,HDFC2418407139,1220.57,INR,2026-08-21,NEFT CR RAZORPAY HDFC2418407139
bnk_000000542,setl_000000542,AXIS8805032417,487.37,INR,2026-08-29,NEFT CR RAZORPAY AXIS8805032417
bnk_000000543,setl_000000543,HDFC6150438341,878.43,INR,2026-08-27,NEFT CR RAZORPAY HDFC6150438341
bnk_000000544,setl_000000544,AXIS9315981171,1221.28,INR,2026-08-28,NEFT CR RAZORPAY AXIS9315981171
bnk_000000545,setl_000000545,AXIS6148478789,488.05,INR,2026-08-20,NEFT CR RAZORPAY AXIS6148478789
bnk_000000546,setl_000000546,ICICI8706848089,878.27,INR,2026-08-29,NEFT CR RAZORPAY ICICI8706848089
bnk_000000547,setl_000000547,SBIN5960652625,878.08,INR,2026-08-19,NEFT CR RAZORPAY SBIN5960652625
bnk_000000548,setl_000000548,HDFC5551699520,721.37,INR,2026-08-25,NEFT CR RAZORPAY HDFC5551699520
bnk_000000549,setl_000000549,KKBK8544958420,7323.91,INR,2026-08-20,NEFT CR RAZORPAY KKBK8544958420
bnk_000000550,setl_000000550,ICICI5464569299,7323.70,INR,2026-08-21,NEFT CR RAZORPAY ICICI5464569299
bnk_000000551,setl_000000551,ICICI7629799769,3417.33,INR,2026-08-24,NEFT CR RAZORPAY ICICI7629799769
bnk_000000552,setl_000000552,ICICI7225057758,1953.48,INR,2026-08-22,NEFT CR RAZORPAY ICICI7225057758
bnk_000000553,setl_000000553,HDFC3663727197,3417.32,INR,2026-08-18,NEFT CR RAZORPAY HDFC3663727197
bnk_000000554,setl_000000554,SBIN6510997463,4881.82,INR,2026-08-22,NEFT CR RAZORPAY SBIN6510997463
bnk_000000555,setl_000000555,ICICI1134319747,878.39,INR,2026-08-20,NEFT CR RAZORPAY ICICI1134319747
bnk_000000556,setl_000000556,KKBK7830290429,487.67,INR,2026-08-20,NEFT CR RAZORPAY KKBK7830290429
bnk_000000557,setl_000000557,ICICI8111389362,878.36,INR,2026-08-29,NEFT CR RAZORPAY ICICI8111389362
bnk_000000558,setl_000000558,SBIN8825544304,487.98,INR,2026-08-21,NEFT CR RAZORPAY SBIN8825544304
bnk_000000559,setl_000000559,HDFC5057041081,11716.92,INR,2026-08-18,NEFT CR RAZORPAY HDFC5057041081
bnk_000000560,setl_000000560,KKBK3821263164,1221.20,INR,2026-08-28,NEFT CR RAZORPAY KKBK3821263164
bnk_000000561,setl_000000561,KKBK8152161448,877.99,INR,2026-08-29,NEFT CR RAZORPAY KKBK8152161448
bnk_000000562,setl_000000562,ICICI7871585740,3416.81,INR,2026-08-25,NEFT CR RAZORPAY ICICI7871585740
bnk_000000563,setl_000000563,SBIN3343446878,4881.98,INR,2026-08-25,NEFT CR RAZORPAY SBIN3343446878
bnk_000000564,setl_000000564,SBIN9590774810,487.57,INR,2026-08-26,NEFT CR RAZORPAY SBIN9590774810
bnk_000000565,setl_000000565,AXIS5323180209,1952.08,INR,2026-08-30,NEFT CR RAZORPAY AXIS5323180209
bnk_000000566,setl_000000566,KKBK1664494972,87.79,INR,2026-08-22,NEFT CR RAZORPAY KKBK1664494972
bnk_000000567,setl_000000567,ICICI6295669542,1952.91,INR,2026-08-26,NEFT CR RAZORPAY ICICI6295669542
bnk_000000568,setl_000000568,AXIS8700464894,1221.11,INR,2026-08-30,NEFT CR RAZORPAY AXIS8700464894
bnk_000000569,setl_000000569,AXIS9750444358,4881.12,INR,2026-08-29,NEFT CR RAZORPAY AXIS9750444358
bnk_000000570,setl_000000570,SBIN4727306207,1952.75,INR,2026-08-27,NEFT CR RAZORPAY SBIN4727306207
bnk_000000571,setl_000000571,SBIN5527445083,11716.85,INR,2026-08-22,NEFT CR RAZORPAY SBIN5527445083
bnk_000000572,setl_000000572,ICICI1657978181,4881.58,INR,2026-08-29,NEFT CR RAZORPAY ICICI1657978181
bnk_000000573,setl_000000573,AXIS8672393427,1220.66,INR,2026-08-22,NEFT CR RAZORPAY AXIS8672393427
bnk_000000574,setl_000000574,AXIS5660378755,11717.34,INR,2026-08-29,NEFT CR RAZORPAY AXIS5660378755
bnk_000000575,setl_000000575,ICICI7390314766,1952.52,INR,2026-08-26,NEFT CR RAZORPAY ICICI7390314766
bnk_000000576,setl_000000576,SBIN1384806111,4881.55,INR,2026-08-22,NEFT CR RAZORPAY SBIN1384806111
bnk_000000577,setl_000000577,HDFC8600723288,1220.93,INR,2026-08-26,NEFT CR RAZORPAY HDFC8600723288
bnk_000000578,setl_000000578,ICICI2605548088,877.92,INR,2026-08-28,NEFT CR RAZORPAY ICICI2605548088
bnk_000000579,setl_000000579,AXIS5353951329,878.16,INR,2026-08-24,NEFT CR RAZORPAY AXIS5353951329
bnk_000000580,setl_000000580,KKBK1909997553,11717.45,INR,2026-08-29,NEFT CR RAZORPAY KKBK1909997553
bnk_000000581,setl_000000581,ICICI3870157362,4881.75,INR,2026-08-27,NEFT CR RAZORPAY ICICI3870157362
bnk_000000582,setl_000000582,AXIS2165144965,7323.81,INR,2026-08-17,NEFT CR RAZORPAY AXIS2165144965
bnk_000000583,setl_000000583,AXIS4712064103,487.58,INR,2026-08-30,NEFT CR RAZORPAY AXIS4712064103
bnk_000000584,setl_000000584,KKBK6649840375,11716.61,INR,2026-08-19,NEFT CR RAZORPAY KKBK6649840375
bnk_000000585,setl_000000585,KKBK6604621025,7323.49,INR,2026-08-28,NEFT CR RAZORPAY KKBK6604621025
bnk_000000586,setl_000000586,AXIS7980313867,1952.45,INR,2026-08-21,NEFT CR RAZORPAY AXIS7980313867
bnk_000000587,setl_000000587,HDFC9371391276,1952.01,INR,2026-08-22,NEFT CR RAZORPAY HDFC9371391276
bnk_000000588,setl_000000588,SBIN3948595172,4881.31,INR,2026-08-26,NEFT CR RAZORPAY SBIN3948595172
bnk_000000589,setl_000000589,AXIS1565956995,971.23,INR,2026-08-25,NEFT CR RAZORPAY AXIS1565956995
bnk_000000590,setl_000000590,KKBK4906542112,4881.98,INR,2026-08-19,NEFT CR RAZORPAY KKBK4906542112
bnk_000000591,setl_000000591,KKBK4089973470,1220.89,INR,2026-08-30,NEFT CR RAZORPAY KKBK4089973470
bnk_000000592,setl_000000592,SBIN9423273485,1953.35,INR,2026-08-28,NEFT CR RAZORPAY SBIN9423273485
bnk_000000593,setl_000000593,ICICI1458579821,1220.53,INR,2026-08-29,NEFT CR RAZORPAY ICICI1458579821
bnk_000000594,setl_000000594,KKBK1997216402,487.66,INR,2026-08-18,NEFT CR RAZORPAY KKBK1997216402
bnk_000000595,setl_000000595,AXIS6959096557,7323.17,INR,2026-08-19,NEFT CR RAZORPAY AXIS6959096557
bnk_000000596,setl_000000596,HDFC9269680715,4881.29,INR,2026-08-28,NEFT CR RAZORPAY HDFC9269680715
bnk_000000597,setl_000000597,SBIN6354895816,4881.99,INR,2026-08-17,NEFT CR RAZORPAY SBIN6354895816
bnk_000000598,setl_000000598,SBIN4379795093,11716.93,INR,2026-08-24,NEFT CR RAZORPAY SBIN4379795093
bnk_000000599,setl_000000599,ICICI4157531471,11717.28,INR,2026-08-25,NEFT CR RAZORPAY ICICI4157531471
bnk_000000600,setl_000000600,SBIN9093425963,1953.38,INR,2026-08-19,NEFT CR RAZORPAY SBIN9093425963
bnk_000000601,setl_000000601,ICICI8069952132,878.68,INR,2026-08-25,NEFT CR RAZORPAY ICICI8069952132
bnk_000000602,setl_000000602,AXIS2936540028,1221.07,INR,2026-08-26,NEFT CR RAZORPAY AXIS2936540028
bnk_000000603,setl_000000603,AXIS4420882289,877.89,INR,2026-08-18,NEFT CR RAZORPAY AXIS4420882289
bnk_000000604,setl_000000604,SBIN5981731142,11717.27,INR,2026-08-17,NEFT CR RAZORPAY SBIN5981731142
bnk_000000605,setl_000000605,ICICI1621083944,487.74,INR,2026-08-21,NEFT CR RAZORPAY ICICI1621083944
bnk_000000606,setl_000000606,ICICI1871241447,1952.81,INR,2026-08-24,NEFT CR RAZORPAY ICICI1871241447
bnk_000000607,setl_000000607,HDFC3119423746,1952.55,INR,2026-08-27,NEFT CR RAZORPAY HDFC3119423746
bnk_000000608,setl_000000608,KKBK3577418939,1952.51,INR,2026-08-21,NEFT CR RAZORPAY KKBK3577418939
bnk_000000609,setl_000000609,ICICI9826432406,3416.46,INR,2026-08-19,NEFT CR RAZORPAY ICICI9826432406
bnk_000000610,setl_000000610,HDFC1210588114,4881.24,INR,2026-08-19,NEFT CR RAZORPAY HDFC1210588114
bnk_000000611,setl_000000611,KKBK1153931824,1905.99,INR,2026-08-22,NEFT CR RAZORPAY KKBK1153931824
bnk_000000612,setl_000000612,KKBK5573821760,7323.17,INR,2026-08-18,NEFT CR RAZORPAY KKBK5573821760
bnk_000000613,setl_000000613,ICICI3628750833,878.50,INR,2026-08-28,NEFT CR RAZORPAY ICICI3628750833
bnk_000000614,setl_000000614,KKBK6528427385,3416.74,INR,2026-08-25,NEFT CR RAZORPAY KKBK6528427385
bnk_000000615,setl_000000615,KKBK7711463369,11467.71,INR,2026-08-27,NEFT CR RAZORPAY KKBK7711463369
bnk_000000616,setl_000000616,ICICI1006789986,487.80,INR,2026-08-27,NEFT CR RAZORPAY ICICI1006789986
bnk_000000617,setl_000000617,SBIN2778293161,3416.85,INR,2026-08-25,NEFT CR RAZORPAY SBIN2778293161
bnk_000000618,setl_000000618,AXIS5586320975,1953.43,INR,2026-08-25,NEFT CR RAZORPAY AXIS5586320975
bnk_000000619,setl_000000619,AXIS6761104130,487.44,INR,2026-08-20,NEFT CR RAZORPAY AXIS6761104130
bnk_000000620,setl_000000620,SBIN9229857657,-261.98,INR,2026-08-19,NEFT CR RAZORPAY SBIN9229857657
bnk_000000621,setl_000000621,SBIN7532959755,3417.12,INR,2026-08-25,NEFT CR RAZORPAY SBIN7532959755
bnk_000000622,setl_000000622,AXIS5936227006,487.64,INR,2026-08-23,NEFT CR RAZORPAY AXIS5936227006
bnk_000000623,setl_000000623,SBIN8979273911,487.55,INR,2026-08-23,NEFT CR RAZORPAY SBIN8979273911
bnk_000000624,setl_000000624,AXIS2298447203,878.24,INR,2026-08-29,NEFT CR RAZORPAY AXIS2298447203
bnk_000000625,setl_000000625,SBIN3173230664,6573.63,INR,2026-08-19,NEFT CR RAZORPAY SBIN3173230664
bnk_000000626,setl_000000626,ICICI5263701409,1952.72,INR,2026-08-17,NEFT CR RAZORPAY ICICI5263701409
bnk_000000627,setl_000000627,HDFC5668955416,7323.05,INR,2026-08-18,NEFT CR RAZORPAY HDFC5668955416
bnk_000000628,setl_000000628,AXIS6196247660,1952.06,INR,2026-08-21,NEFT CR RAZORPAY AXIS6196247660
bnk_000000629,setl_000000629,HDFC2171040915,1220.84,INR,2026-08-18,NEFT CR RAZORPAY HDFC2171040915
bnk_000000630,setl_000000630,AXIS7654474836,1952.98,INR,2026-08-28,NEFT CR RAZORPAY AXIS7654474836
bnk_000000631,setl_000000631,AXIS2905452099,1220.53,INR,2026-08-24,NEFT CR RAZORPAY AXIS2905452099
bnk_000000632,setl_000000632,HDFC7126623737,1221.38,INR,2026-08-26,NEFT CR RAZORPAY HDFC7126623737
bnk_000000633,setl_000000633,AXIS8578161787,1220.61,INR,2026-08-30,NEFT CR RAZORPAY AXIS8578161787
bnk_000000634,setl_000000634,SBIN3020979143,1952.00,INR,2026-08-30,NEFT CR RAZORPAY SBIN3020979143
bnk_000000635,setl_000000635,AXIS9084863137,7323.61,INR,2026-08-17,NEFT CR RAZORPAY AXIS9084863137
bnk_000000636,setl_000000636,SBIN4632538452,1953.76,INR,2026-08-22,NEFT CR RAZORPAY SBIN4632538452
bnk_000000637,setl_000000637,SBIN4422048585,3417.12,INR,2026-08-27,NEFT CR RAZORPAY SBIN4422048585
bnk_000000638,setl_000000638,SBIN7831299927,1952.59,INR,2026-08-20,NEFT CR RAZORPAY SBIN7831299927
bnk_000000639,setl_000000639,AXIS9504916685,3417.10,INR,2026-08-28,NEFT CR RAZORPAY AXIS9504916685
bnk_000000640,setl_000000640,KKBK8888773421,878.51,INR,2026-08-26,NEFT CR RAZORPAY KKBK8888773421
bnk_000000641,setl_000000641,ICICI2742870683,878.63,INR,2026-08-30,NEFT CR RAZORPAY ICICI2742870683
bnk_000000642,setl_000000642,HDFC1388836304,1221.23,INR,2026-08-29,NEFT CR RAZORPAY HDFC1388836304
bnk_000000643,setl_000000643,ICICI6546964238,7323.25,INR,2026-08-20,NEFT CR RAZORPAY ICICI6546964238
bnk_000000644,setl_000000644,AXIS9317962158,3416.53,INR,2026-08-26,NEFT CR RAZORPAY AXIS9317962158
bnk_000000645,setl_000000645,AXIS5563018598,11716.86,INR,2026-08-17,NEFT CR RAZORPAY AXIS5563018598
bnk_000000646,setl_000000646,AXIS4718065741,1952.36,INR,2026-08-28,NEFT CR RAZORPAY AXIS4718065741
bnk_000000647,setl_000000647,SBIN6933776673,11717.06,INR,2026-08-27,NEFT CR RAZORPAY SBIN6933776673
bnk_000000648,setl_000000648,SBIN2792012815,1953.63,INR,2026-08-19,NEFT CR RAZORPAY SBIN2792012815
bnk_000000649,setl_000000649,ICICI5252952412,877.95,INR,2026-08-27,NEFT CR RAZORPAY ICICI5252952412
bnk_000000650,setl_000000650,KKBK9290622669,1221.07,INR,2026-08-25,NEFT CR RAZORPAY KKBK9290622669
bnk_000000651,setl_000000651,ICICI6092933720,487.94,INR,2026-08-24,NEFT CR RAZORPAY ICICI6092933720
bnk_000000652,setl_000000652,KKBK7770381816,487.26,INR,2026-08-26,NEFT CR RAZORPAY KKBK7770381816
bnk_000000653,setl_000000653,SBIN1343868435,11717.74,INR,2026-08-29,NEFT CR RAZORPAY SBIN1343868435
bnk_000000654,setl_000000654,KKBK1379874179,7323.78,INR,2026-08-28,NEFT CR RAZORPAY KKBK1379874179
bnk_000000655,setl_000000655,KKBK4343748592,7323.57,INR,2026-08-25,NEFT CR RAZORPAY KKBK4343748592
bnk_000000656,setl_000000656,AXIS2242140808,488.08,INR,2026-08-26,NEFT CR RAZORPAY AXIS2242140808
bnk_000000657,setl_000000657,SBIN3483097086,488.04,INR,2026-08-21,NEFT CR RAZORPAY SBIN3483097086
bnk_000000658,setl_000000658,ICICI3171518770,1953.11,INR,2026-08-19,NEFT CR RAZORPAY ICICI3171518770
bnk_000000659,setl_000000659,HDFC4184414029,1221.23,INR,2026-08-28,NEFT CR RAZORPAY HDFC4184414029
bnk_000000660,setl_000000660,ICICI4009805180,7323.23,INR,2026-08-29,NEFT CR RAZORPAY ICICI4009805180
bnk_000000661,setl_000000661,HDFC5154717862,1221.12,INR,2026-08-29,NEFT CR RAZORPAY HDFC5154717862
bnk_000000662,setl_000000662,SBIN1718476143,3416.48,INR,2026-08-27,NEFT CR RAZORPAY SBIN1718476143
bnk_000000663,setl_000000663,SBIN7007563175,1953.39,INR,2026-08-28,NEFT CR RAZORPAY SBIN7007563175
bnk_000000664,setl_000000664,SBIN7333314020,1221.16,INR,2026-08-30,NEFT CR RAZORPAY SBIN7333314020
bnk_000000665,setl_000000665,SBIN5105433614,128.45,INR,2026-08-27,NEFT CR RAZORPAY SBIN5105433614
bnk_000000666,setl_000000666,AXIS4445922559,1953.61,INR,2026-08-26,NEFT CR RAZORPAY AXIS4445922559
bnk_000000667,setl_000000667,KKBK4309260670,11717.22,INR,2026-08-27,NEFT CR RAZORPAY KKBK4309260670
bnk_000000668,setl_000000668,HDFC5346341182,878.44,INR,2026-08-18,NEFT CR RAZORPAY HDFC5346341182
bnk_000000669,setl_000000669,AXIS2081885552,487.25,INR,2026-08-26,NEFT CR RAZORPAY AXIS2081885552
bnk_000000670,setl_000000670,HDFC1515297776,1020.97,INR,2026-08-27,NEFT CR RAZORPAY HDFC1515297776
bnk_000000671,setl_000000671,AXIS6560129869,878.57,INR,2026-08-24,NEFT CR RAZORPAY AXIS6560129869
bnk_000000672,setl_000000672,AXIS2105252271,878.12,INR,2026-08-29,NEFT CR RAZORPAY AXIS2105252271
bnk_000000673,setl_000000673,HDFC8785920419,1221.05,INR,2026-08-18,NEFT CR RAZORPAY HDFC8785920419
bnk_000000674,setl_000000674,ICICI8067296442,877.96,INR,2026-08-25,NEFT CR RAZORPAY ICICI8067296442
bnk_000000675,setl_000000675,AXIS1443614797,127.87,INR,2026-08-26,NEFT CR RAZORPAY AXIS1443614797
bnk_000000676,setl_000000676,ICICI9752437379,4881.35,INR,2026-08-19,NEFT CR RAZORPAY ICICI9752437379
bnk_000000677,setl_000000677,KKBK8606346821,7323.54,INR,2026-08-23,NEFT CR RAZORPAY KKBK8606346821
bnk_000000678,setl_000000678,SBIN9553862785,3417.27,INR,2026-08-21,NEFT CR RAZORPAY SBIN9553862785
bnk_000000679,setl_000000679,AXIS8587094479,1952.04,INR,2026-08-25,NEFT CR RAZORPAY AXIS8587094479
bnk_000000680,setl_000000680,SBIN4850269395,3417.03,INR,2026-08-18,NEFT CR RAZORPAY SBIN4850269395
bnk_000000681,setl_000000681,ICICI9698874738,1952.43,INR,2026-08-23,NEFT CR RAZORPAY ICICI9698874738
bnk_000000682,setl_000000682,SBIN1070516000,3416.49,INR,2026-08-22,NEFT CR RAZORPAY SBIN1070516000
bnk_000000683,setl_000000683,KKBK3488270884,877.82,INR,2026-08-28,NEFT CR RAZORPAY KKBK3488270884
bnk_000000684,setl_000000684,KKBK1196716790,1220.51,INR,2026-08-19,NEFT CR RAZORPAY KKBK1196716790
bnk_000000685,setl_000000685,HDFC3538508163,877.92,INR,2026-08-24,NEFT CR RAZORPAY HDFC3538508163
bnk_000000686,setl_000000686,ICICI7125531606,4881.42,INR,2026-08-18,NEFT CR RAZORPAY ICICI7125531606
bnk_000000687,setl_000000687,ICICI4282333775,1220.91,INR,2026-08-18,NEFT CR RAZORPAY ICICI4282333775
bnk_000000688,setl_000000688,ICICI8285534922,11717.01,INR,2026-08-24,NEFT CR RAZORPAY ICICI8285534922
bnk_000000689,setl_000000689,KKBK1677546830,7323.10,INR,2026-08-17,NEFT CR RAZORPAY KKBK1677546830
bnk_000000690,setl_000000690,KKBK9104238818,4881.88,INR,2026-08-29,NEFT CR RAZORPAY KKBK9104238818
bnk_000000691,setl_000000691,AXIS7541608271,4881.31,INR,2026-08-19,NEFT CR RAZORPAY AXIS7541608271
bnk_000000692,setl_000000692,SBIN9967982724,1953.23,INR,2026-08-23,NEFT CR RAZORPAY SBIN9967982724
bnk_000000693,setl_000000693,KKBK5195287460,3417.37,INR,2026-08-25,NEFT CR RAZORPAY KKBK5195287460
bnk_000000694,setl_000000694,ICICI2187243159,1951.96,INR,2026-08-29,NEFT CR RAZORPAY ICICI2187243159
bnk_000000695,setl_000000695,ICICI1185180108,3416.77,INR,2026-08-20,NEFT CR RAZORPAY ICICI1185180108
bnk_000000696,setl_000000696,SBIN1186047172,487.89,INR,2026-08-19,NEFT CR RAZORPAY SBIN1186047172
bnk_000000697,setl_000000697,HDFC7785025154,4881.27,INR,2026-08-28,NEFT CR RAZORPAY HDFC7785025154
bnk_000000698,setl_000000698,HDFC2400727238,878.07,INR,2026-08-28,NEFT CR RAZORPAY HDFC2400727238
bnk_000000699,setl_000000699,ICICI5610775014,7323.06,INR,2026-08-23,NEFT CR RAZORPAY ICICI5610775014
bnk_000000700,setl_000000700,AXIS5880820657,1952.60,INR,2026-08-22,NEFT CR RAZORPAY AXIS5880820657
bnk_000000701,setl_000000701,KKBK5551169498,1220.64,INR,2026-08-30,NEFT CR RAZORPAY KKBK5551169498
bnk_000000702,setl_000000702,AXIS4889428336,11717.08,INR,2026-08-18,NEFT CR RAZORPAY AXIS4889428336
bnk_000000703,setl_000000703,ICICI7835787787,7323.34,INR,2026-08-17,NEFT CR RAZORPAY ICICI7835787787
bnk_000000704,setl_000000704,SBIN3488791944,1221.22,INR,2026-08-17,NEFT CR RAZORPAY SBIN3488791944
bnk_000000706,setl_000000706,KKBK4234448365,4881.28,INR,2026-08-19,NEFT CR RAZORPAY KKBK4234448365
bnk_000000707,setl_000000707,HDFC5363386823,1953.00,INR,2026-08-28,NEFT CR RAZORPAY HDFC5363386823
bnk_000000708,setl_000000708,SBIN4315006135,4880.95,INR,2026-08-29,NEFT CR RAZORPAY SBIN4315006135
bnk_000000709,setl_000000709,HDFC8261718697,11716.84,INR,2026-08-21,NEFT CR RAZORPAY HDFC8261718697
bnk_000000710,setl_000000710,KKBK4412260278,878.55,INR,2026-08-22,NEFT CR RAZORPAY KKBK4412260278
bnk_000000711,setl_000000711,HDFC6939746472,7323.77,INR,2026-08-17,NEFT CR RAZORPAY HDFC6939746472
bnk_000000712,setl_000000712,HDFC4322481528,1220.91,INR,2026-08-20,NEFT CR RAZORPAY HDFC4322481528
bnk_000000713,setl_000000713,KKBK4018690355,1952.22,INR,2026-08-22,NEFT CR RAZORPAY KKBK4018690355
bnk_000000714,setl_000000714,HDFC6896190289,7323.61,INR,2026-08-25,NEFT CR RAZORPAY HDFC6896190289
bnk_000000715,setl_000000715,KKBK6550233140,3417.26,INR,2026-08-28,NEFT CR RAZORPAY KKBK6550233140
bnk_000000716,setl_000000716,SBIN4856648111,1952.89,INR,2026-08-18,NEFT CR RAZORPAY SBIN4856648111
bnk_000000717,setl_000000717,SBIN5392421278,4881.87,INR,2026-08-25,NEFT CR RAZORPAY SBIN5392421278
bnk_000000718,setl_000000718,HDFC2252055106,877.80,INR,2026-08-30,NEFT CR RAZORPAY HDFC2252055106
bnk_000000719,setl_000000719,AXIS8674352222,7323.73,INR,2026-08-27,NEFT CR RAZORPAY AXIS8674352222
bnk_000000720,setl_000000720,KKBK8685192265,1220.82,INR,2026-08-20,NEFT CR RAZORPAY KKBK8685192265
bnk_000000721,setl_000000721,HDFC5932075590,1953.37,INR,2026-08-19,NEFT CR RAZORPAY HDFC5932075590
bnk_000000722,setl_000000722,AXIS4412168053,1220.79,INR,2026-08-18,NEFT CR RAZORPAY AXIS4412168053
bnk_000000723,setl_000000723,AXIS1792406808,11717.68,INR,2026-08-17,NEFT CR RAZORPAY AXIS1792406808
bnk_000000724,setl_000000724,SBIN2295189353,487.72,INR,2026-08-24,NEFT CR RAZORPAY SBIN2295189353
bnk_000000725,setl_000000725,KKBK8324857808,7323.36,INR,2026-08-29,NEFT CR RAZORPAY KKBK8324857808
bnk_000000726,setl_000000726,SBIN1172146239,11716.94,INR,2026-08-21,NEFT CR RAZORPAY SBIN1172146239
bnk_000000727,setl_000000727,HDFC2401733322,1952.55,INR,2026-08-25,NEFT CR RAZORPAY HDFC2401733322
bnk_000000728,setl_000000728,HDFC7493077954,1952.43,INR,2026-08-22,NEFT CR RAZORPAY HDFC7493077954
bnk_000000729,setl_000000729,AXIS2707498619,4481.48,INR,2026-08-23,NEFT CR RAZORPAY AXIS2707498619
bnk_000000730,setl_000000730,SBIN1376233267,7323.92,INR,2026-08-23,NEFT CR RAZORPAY SBIN1376233267
bnk_000000731,setl_000000731,SBIN2778948768,877.96,INR,2026-08-20,NEFT CR RAZORPAY SBIN2778948768
bnk_000000732,setl_000000732,KKBK8542452431,877.78,INR,2026-08-23,NEFT CR RAZORPAY KKBK8542452431
bnk_000000733,setl_000000733,KKBK4929345815,1952.05,INR,2026-08-30,NEFT CR RAZORPAY KKBK4929345815
bnk_000000734,setl_000000734,AXIS6600269620,11717.72,INR,2026-08-24,NEFT CR RAZORPAY AXIS6600269620
bnk_000000735,setl_000000735,AXIS3029548895,1953.32,INR,2026-08-19,NEFT CR RAZORPAY AXIS3029548895
bnk_000000736,setl_000000736,AXIS5168804062,3417.15,INR,2026-08-24,NEFT CR RAZORPAY AXIS5168804062
bnk_000000737,setl_000000737,SBIN4514489277,3417.06,INR,2026-08-28,NEFT CR RAZORPAY SBIN4514489277
bnk_000000738,setl_000000738,HDFC5922621459,7323.86,INR,2026-08-19,NEFT CR RAZORPAY HDFC5922621459
bnk_000000739,setl_000000739,SBIN9397332616,487.58,INR,2026-08-21,NEFT CR RAZORPAY SBIN9397332616
bnk_000000740,setl_000000740,ICICI4284315878,1221.18,INR,2026-08-22,NEFT CR RAZORPAY ICICI4284315878
bnk_000000741,setl_000000741,AXIS7786248655,1220.51,INR,2026-08-19,NEFT CR RAZORPAY AXIS7786248655
bnk_000000742,setl_000000742,SBIN4911804606,878.04,INR,2026-08-19,NEFT CR RAZORPAY SBIN4911804606
bnk_000000743,setl_000000743,KKBK5784450697,7323.09,INR,2026-08-18,NEFT CR RAZORPAY KKBK5784450697
bnk_000000744,setl_000000744,AXIS8263007482,1221.05,INR,2026-08-26,NEFT CR RAZORPAY AXIS8263007482
bnk_000000745,setl_000000745,AXIS9713455851,878.05,INR,2026-08-19,NEFT CR RAZORPAY AXIS9713455851
bnk_000000746,setl_000000746,ICICI5632573038,877.87,INR,2026-08-17,NEFT CR RAZORPAY ICICI5632573038
bnk_000000747,setl_000000747,HDFC3547672267,7323.15,INR,2026-08-21,NEFT CR RAZORPAY HDFC3547672267
bnk_000000748,setl_000000748,HDFC4360257078,1952.55,INR,2026-08-20,NEFT CR RAZORPAY HDFC4360257078
bnk_000000749,setl_000000749,ICICI9340160676,3416.86,INR,2026-08-19,NEFT CR RAZORPAY ICICI9340160676
bnk_000000750,setl_000000750,HDFC9649996737,1952.71,INR,2026-08-20,NEFT CR RAZORPAY HDFC9649996737
bnk_000000751,setl_000000751,HDFC4969546654,11717.30,INR,2026-08-24,NEFT CR RAZORPAY HDFC4969546654
bnk_000000752,setl_000000752,HDFC6925401543,1952.46,INR,2026-08-20,NEFT CR RAZORPAY HDFC6925401543
bnk_000000753,setl_000000753,HDFC3232212989,7323.95,INR,2026-08-22,NEFT CR RAZORPAY HDFC3232212989
bnk_000000754,setl_000000754,SBIN5791992101,1953.37,INR,2026-08-26,NEFT CR RAZORPAY SBIN5791992101
bnk_000000755,setl_000000755,SBIN8968734873,1951.90,INR,2026-08-30,NEFT CR RAZORPAY SBIN8968734873
bnk_000000756,setl_000000756,SBIN3886628103,4881.57,INR,2026-08-25,NEFT CR RAZORPAY SBIN3886628103
bnk_000000757,setl_000000757,SBIN5199848083,878.23,INR,2026-08-20,NEFT CR RAZORPAY SBIN5199848083
bnk_000000758,setl_000000758,SBIN8409679733,1953.75,INR,2026-08-28,NEFT CR RAZORPAY SBIN8409679733
bnk_000000759,setl_000000759,SBIN6824393594,4881.63,INR,2026-08-25,NEFT CR RAZORPAY SBIN6824393594
bnk_000000760,setl_000000760,AXIS7396672521,1952.60,INR,2026-08-19,NEFT CR RAZORPAY AXIS7396672521
bnk_000000761,setl_000000761,SBIN3912449281,1220.97,INR,2026-08-26,NEFT CR RAZORPAY SBIN3912449281
bnk_000000762,setl_000000762,KKBK9918573705,11717.76,INR,2026-08-24,NEFT CR RAZORPAY KKBK9918573705
bnk_000000763,setl_000000763,SBIN7463044261,11717.22,INR,2026-08-29,NEFT CR RAZORPAY SBIN7463044261
bnk_000000764,setl_000000764,HDFC9550041076,378.26,INR,2026-08-24,NEFT CR RAZORPAY HDFC9550041076
bnk_000000765,setl_000000765,HDFC8642389509,1221.11,INR,2026-08-23,NEFT CR RAZORPAY HDFC8642389509
bnk_000000766,setl_000000766,HDFC7312821876,11717.00,INR,2026-08-25,NEFT CR RAZORPAY HDFC7312821876
bnk_000000767,setl_000000767,SBIN9494513064,3416.49,INR,2026-08-17,NEFT CR RAZORPAY SBIN9494513064
bnk_000000768,setl_000000768,AXIS3508119100,3416.89,INR,2026-08-18,NEFT CR RAZORPAY AXIS3508119100
bnk_000000769,setl_000000769,HDFC3840004195,1952.11,INR,2026-08-27,NEFT CR RAZORPAY HDFC3840004195
bnk_000000770,setl_000000770,HDFC9027036016,478.20,INR,2026-08-19,NEFT CR RAZORPAY HDFC9027036016
bnk_000000771,setl_000000771,SBIN9166493111,1952.82,INR,2026-08-28,NEFT CR RAZORPAY SBIN9166493111
bnk_000000773,setl_000000773,KKBK8161375037,1221.26,INR,2026-08-21,NEFT CR RAZORPAY KKBK8161375037
bnk_000000774,setl_000000774,HDFC3301389619,1953.12,INR,2026-08-17,NEFT CR RAZORPAY HDFC3301389619
bnk_000000775,setl_000000775,KKBK9984890483,878.51,INR,2026-08-22,NEFT CR RAZORPAY KKBK9984890483
bnk_000000776,setl_000000776,AXIS4417298242,1953.43,INR,2026-08-29,NEFT CR RAZORPAY AXIS4417298242
bnk_000000777,setl_000000777,SBIN7508461289,11717.03,INR,2026-08-17,NEFT CR RAZORPAY SBIN7508461289
bnk_000000778,setl_000000778,ICICI9324088968,1953.59,INR,2026-08-25,NEFT CR RAZORPAY ICICI9324088968
bnk_000000779,setl_000000779,HDFC3243130794,2417.00,INR,2026-08-19,NEFT CR RAZORPAY HDFC3243130794
bnk_000000780,setl_000000780,SBIN9866648716,1952.33,INR,2026-08-21,NEFT CR RAZORPAY SBIN9866648716
bnk_000000781,setl_000000781,KKBK6309137211,1951.96,INR,2026-08-19,NEFT CR RAZORPAY KKBK6309137211
bnk_000000782,setl_000000782,AXIS7288518038,11717.34,INR,2026-08-23,NEFT CR RAZORPAY AXIS7288518038
bnk_000000783,setl_000000783,AXIS1585965093,1953.14,INR,2026-08-27,NEFT CR RAZORPAY AXIS1585965093
bnk_000000784,setl_000000784,SBIN4359668379,475.54,INR,2026-08-22,NEFT CR RAZORPAY SBIN4359668379
bnk_000000785,setl_000000785,SBIN9146579068,728.27,INR,2026-08-30,NEFT CR RAZORPAY SBIN9146579068
bnk_000000786,setl_000000786,KKBK6376474657,878.07,INR,2026-08-26,NEFT CR RAZORPAY KKBK6376474657
bnk_000000787,setl_000000787,KKBK8461373338,1952.35,INR,2026-08-20,NEFT CR RAZORPAY KKBK8461373338
bnk_000000788,setl_000000788,AXIS7182499837,1953.53,INR,2026-08-17,NEFT CR RAZORPAY AXIS7182499837
bnk_000000789,setl_000000789,HDFC7115094199,1952.16,INR,2026-08-29,NEFT CR RAZORPAY HDFC7115094199
bnk_000000790,setl_000000790,AXIS9680447616,488.14,INR,2026-08-27,NEFT CR RAZORPAY AXIS9680447616
bnk_000000791,setl_000000791,SBIN4723534498,7323.48,INR,2026-08-17,NEFT CR RAZORPAY SBIN4723534498
bnk_000000792,setl_000000792,ICICI2277421636,1221.05,INR,2026-08-27,NEFT CR RAZORPAY ICICI2277421636
bnk_000000793,setl_000000793,AXIS4721351171,7323.59,INR,2026-08-28,NEFT CR RAZORPAY AXIS4721351171
bnk_000000794,setl_000000794,HDFC4540774757,1953.43,INR,2026-08-18,NEFT CR RAZORPAY HDFC4540774757
bnk_000000795,setl_000000795,HDFC4272659618,1221.28,INR,2026-08-24,NEFT CR RAZORPAY HDFC4272659618
bnk_000000796,setl_000000796,AXIS1353183979,1220.80,INR,2026-08-25,NEFT CR RAZORPAY AXIS1353183979
bnk_000000797,setl_000000797,SBIN6666776123,7323.92,INR,2026-08-19,NEFT CR RAZORPAY SBIN6666776123
bnk_000000798,setl_000000798,ICICI5657458027,3416.65,INR,2026-08-23,NEFT CR RAZORPAY ICICI5657458027
bnk_000000799,setl_000000799,HDFC3691344010,878.36,INR,2026-08-20,NEFT CR RAZORPAY HDFC3691344010
bnk_000000800,setl_000000800,KKBK2117369169,878.24,INR,2026-08-19,NEFT CR RAZORPAY KKBK2117369169
bnk_000000801,setl_000000801,SBIN9281920454,7323.15,INR,2026-08-20,NEFT CR RAZORPAY SBIN9281920454
bnk_000000802,setl_000000802,SBIN2640993275,4881.27,INR,2026-08-26,NEFT CR RAZORPAY SBIN2640993275
bnk_000000803,setl_000000803,ICICI2796717941,4881.20,INR,2026-08-17,NEFT CR RAZORPAY ICICI2796717941
bnk_000000804,setl_000000804,ICICI2967799880,487.81,INR,2026-08-19,NEFT CR RAZORPAY ICICI2967799880
bnk_000000805,setl_000000805,SBIN8337750465,1952.89,INR,2026-08-18,NEFT CR RAZORPAY SBIN8337750465
bnk_000000806,setl_000000806,ICICI4478291959,487.53,INR,2026-08-25,NEFT CR RAZORPAY ICICI4478291959
bnk_000000807,setl_000000807,AXIS9766565058,1220.22,INR,2026-08-19,NEFT CR RAZORPAY AXIS9766565058
bnk_000000808,setl_000000808,ICICI5680002451,11717.34,INR,2026-08-19,NEFT CR RAZORPAY ICICI5680002451
bnk_000000809,setl_000000809,ICICI7142172699,1953.56,INR,2026-08-30,NEFT CR RAZORPAY ICICI7142172699
bnk_000000810,setl_000000810,ICICI9566591713,1221.20,INR,2026-08-30,NEFT CR RAZORPAY ICICI9566591713
bnk_000000811,setl_000000811,ICICI1234364203,1220.54,INR,2026-08-24,NEFT CR RAZORPAY ICICI1234364203
bnk_000000812,setl_000000812,SBIN5470166352,3417.30,INR,2026-08-25,NEFT CR RAZORPAY SBIN5470166352
bnk_000000813,setl_000000813,ICICI5826058207,878.03,INR,2026-08-30,NEFT CR RAZORPAY ICICI5826058207
bnk_000000814,setl_000000814,AXIS9607654443,1221.02,INR,2026-08-18,NEFT CR RAZORPAY AXIS9607654443
bnk_000000815,setl_000000815,AXIS5406473964,878.27,INR,2026-08-22,NEFT CR RAZORPAY AXIS5406473964
bnk_000000816,setl_000000816,ICICI1124015059,7323.88,INR,2026-08-27,NEFT CR RAZORPAY ICICI1124015059
bnk_000000817,setl_000000817,HDFC9778256009,7323.40,INR,2026-08-28,NEFT CR RAZORPAY HDFC9778256009
bnk_000000818,setl_000000818,AXIS9828455687,878.47,INR,2026-08-26,NEFT CR RAZORPAY AXIS9828455687
bnk_000000819,setl_000000819,ICICI9012328127,877.80,INR,2026-08-30,NEFT CR RAZORPAY ICICI9012328127
bnk_000000820,setl_000000820,AXIS1662003357,1953.41,INR,2026-08-29,NEFT CR RAZORPAY AXIS1662003357
bnk_000000821,setl_000000821,KKBK5858839243,128.24,INR,2026-08-25,NEFT CR RAZORPAY KKBK5858839243
bnk_000000822,setl_000000822,KKBK7873411172,878.72,INR,2026-08-23,NEFT CR RAZORPAY KKBK7873411172
bnk_000000823,setl_000000823,SBIN1399206328,11717.22,INR,2026-08-24,NEFT CR RAZORPAY SBIN1399206328
bnk_000000824,setl_000000824,KKBK3253473926,1453.38,INR,2026-08-23,NEFT CR RAZORPAY KKBK3253473926
bnk_000000825,setl_000000825,ICICI7132061410,487.91,INR,2026-08-18,NEFT CR RAZORPAY ICICI7132061410
bnk_000000826,setl_000000826,SBIN5700774530,1953.24,INR,2026-08-21,NEFT CR RAZORPAY SBIN5700774530
bnk_000000827,setl_000000827,SBIN2687738937,878.30,INR,2026-08-28,NEFT CR RAZORPAY SBIN2687738937
bnk_000000828,setl_000000828,SBIN6433453122,1220.76,INR,2026-08-19,NEFT CR RAZORPAY SBIN6433453122
bnk_000000829,setl_000000829,HDFC1076945301,4881.16,INR,2026-08-17,NEFT CR RAZORPAY HDFC1076945301
bnk_000000830,setl_000000830,SBIN7385424494,3417.28,INR,2026-08-27,NEFT CR RAZORPAY SBIN7385424494
bnk_000000831,setl_000000831,ICICI1059596634,877.80,INR,2026-08-28,NEFT CR RAZORPAY ICICI1059596634
bnk_000000832,setl_000000832,ICICI3790611308,4881.80,INR,2026-08-30,NEFT CR RAZORPAY ICICI3790611308
bnk_000000833,setl_000000833,SBIN5931333903,4881.04,INR,2026-08-18,NEFT CR RAZORPAY SBIN5931333903
bnk_000000834,setl_000000834,SBIN9434743977,7323.02,INR,2026-08-30,NEFT CR RAZORPAY SBIN9434743977
bnk_000000835,setl_000000835,KKBK2682482133,3416.43,INR,2026-08-18,NEFT CR RAZORPAY KKBK2682482133
bnk_000000836,setl_000000836,SBIN2248867120,7323.03,INR,2026-08-24,NEFT CR RAZORPAY SBIN2248867120
bnk_000000837,setl_000000837,HDFC3269069059,4881.74,INR,2026-08-22,NEFT CR RAZORPAY HDFC3269069059
bnk_000000838,setl_000000838,SBIN9113797058,878.40,INR,2026-08-26,NEFT CR RAZORPAY SBIN9113797058
bnk_000000839,setl_000000839,HDFC5987889148,1952.41,INR,2026-08-22,NEFT CR RAZORPAY HDFC5987889148
bnk_000000840,setl_000000840,AXIS3012051673,1953.70,INR,2026-08-28,NEFT CR RAZORPAY AXIS3012051673
bnk_000000841,setl_000000841,ICICI3670792703,1953.66,INR,2026-08-28,NEFT CR RAZORPAY ICICI3670792703
bnk_000000842,setl_000000842,ICICI3113921661,4881.64,INR,2026-08-21,NEFT CR RAZORPAY ICICI3113921661
bnk_000000843,setl_000000843,AXIS9078430211,3417.26,INR,2026-08-19,NEFT CR RAZORPAY AXIS9078430211
bnk_000000844,setl_000000844,AXIS2849500820,1951.97,INR,2026-08-25,NEFT CR RAZORPAY AXIS2849500820
bnk_000000845,setl_000000845,AXIS4304435774,11717.13,INR,2026-08-19,NEFT CR RAZORPAY AXIS4304435774
bnk_000000846,setl_000000846,SBIN8726589846,877.91,INR,2026-08-29,NEFT CR RAZORPAY SBIN8726589846
bnk_000000847,setl_000000847,HDFC3178861531,1221.28,INR,2026-08-18,NEFT CR RAZORPAY HDFC3178861531
bnk_000000848,setl_000000848,AXIS8336505786,11717.42,INR,2026-08-28,NEFT CR RAZORPAY AXIS8336505786
bnk_000000849,setl_000000849,ICICI6162079678,4881.98,INR,2026-08-29,NEFT CR RAZORPAY ICICI6162079678
bnk_000000850,setl_000000850,KKBK1735563832,1953.26,INR,2026-08-28,NEFT CR RAZORPAY KKBK1735563832
bnk_000000851,setl_000000851,KKBK1980034265,4881.53,INR,2026-08-23,NEFT CR RAZORPAY KKBK1980034265
bnk_000000852,setl_000000852,SBIN9632663990,11216.88,INR,2026-08-18,NEFT CR RAZORPAY SBIN9632663990
bnk_000000853,setl_000000853,SBIN4260706483,1221.22,INR,2026-08-17,NEFT CR RAZORPAY SBIN4260706483
bnk_000000854,setl_000000854,KKBK9046820375,3416.85,INR,2026-08-17,NEFT CR RAZORPAY KKBK9046820375
bnk_000000855,setl_000000855,SBIN3765440737,11717.57,INR,2026-08-29,NEFT CR RAZORPAY SBIN3765440737
bnk_000000856,setl_000000856,SBIN4330319077,1952.90,INR,2026-08-17,NEFT CR RAZORPAY SBIN4330319077
bnk_000000857,setl_000000857,ICICI7617643635,1951.93,INR,2026-08-25,NEFT CR RAZORPAY ICICI7617643635
bnk_000000858,setl_000000858,ICICI1100595644,11717.53,INR,2026-08-21,NEFT CR RAZORPAY ICICI1100595644
bnk_000000859,setl_000000859,KKBK6896899328,11717.24,INR,2026-08-18,NEFT CR RAZORPAY KKBK6896899328
bnk_000000860,setl_000000860,KKBK4164784001,7323.42,INR,2026-08-20,NEFT CR RAZORPAY KKBK4164784001
bnk_000000861,setl_000000861,AXIS4167591308,878.18,INR,2026-08-25,NEFT CR RAZORPAY AXIS4167591308
bnk_000000862,setl_000000862,ICICI8351439626,4881.12,INR,2026-08-18,NEFT CR RAZORPAY ICICI8351439626
bnk_000000863,setl_000000863,SBIN5630286975,11717.30,INR,2026-08-26,NEFT CR RAZORPAY SBIN5630286975
bnk_000000864,setl_000000864,KKBK9475140777,1220.68,INR,2026-08-25,NEFT CR RAZORPAY KKBK9475140777
bnk_000000865,setl_000000865,KKBK6208260061,7323.04,INR,2026-08-28,NEFT CR RAZORPAY KKBK6208260061
bnk_000000866,setl_000000866,HDFC2755008946,628.24,INR,2026-08-26,NEFT CR RAZORPAY HDFC2755008946
bnk_000000867,setl_000000867,AXIS6597459437,7323.03,INR,2026-08-29,NEFT CR RAZORPAY AXIS6597459437
bnk_000000868,setl_000000868,AXIS9113438941,1952.05,INR,2026-08-30,NEFT CR RAZORPAY AXIS9113438941
bnk_000000869,setl_000000869,HDFC4738453527,4881.62,INR,2026-08-26,NEFT CR RAZORPAY HDFC4738453527
bnk_000000870,setl_000000870,SBIN3601503399,471.13,INR,2026-08-27,NEFT CR RAZORPAY SBIN3601503399
bnk_000000871,setl_000000871,AXIS7973263691,4881.30,INR,2026-08-23,NEFT CR RAZORPAY AXIS7973263691
bnk_000000872,setl_000000872,SBIN8455688681,856.77,INR,2026-08-28,NEFT CR RAZORPAY SBIN8455688681
bnk_000000873,setl_000000873,HDFC1365725210,11717.52,INR,2026-08-29,NEFT CR RAZORPAY HDFC1365725210
bnk_000000874,setl_000000874,KKBK4852002754,878.60,INR,2026-08-25,NEFT CR RAZORPAY KKBK4852002754
bnk_000000875,setl_000000875,ICICI7784127397,878.45,INR,2026-08-26,NEFT CR RAZORPAY ICICI7784127397
bnk_000000876,setl_000000876,HDFC6755069588,1221.02,INR,2026-08-17,NEFT CR RAZORPAY HDFC6755069588
bnk_000000877,setl_000000877,HDFC5208149330,11717.01,INR,2026-08-21,NEFT CR RAZORPAY HDFC5208149330
bnk_000000878,setl_000000878,ICICI1726670039,3416.65,INR,2026-08-17,NEFT CR RAZORPAY ICICI1726670039
bnk_000000879,setl_000000879,ICICI6687472117,4881.17,INR,2026-08-17,NEFT CR RAZORPAY ICICI6687472117
bnk_000000880,setl_000000880,KKBK5789238017,487.61,INR,2026-08-24,NEFT CR RAZORPAY KKBK5789238017
bnk_000000881,setl_000000881,SBIN3721039153,487.55,INR,2026-08-25,NEFT CR RAZORPAY SBIN3721039153
bnk_000000882,setl_000000882,KKBK5834292116,4881.58,INR,2026-08-18,NEFT CR RAZORPAY KKBK5834292116
bnk_000000883,setl_000000883,ICICI5231868728,1952.49,INR,2026-08-23,NEFT CR RAZORPAY ICICI5231868728
bnk_000000884,setl_000000884,SBIN7960982010,1220.50,INR,2026-08-17,NEFT CR RAZORPAY SBIN7960982010
bnk_000000885,setl_000000885,SBIN9586678451,1952.55,INR,2026-08-30,NEFT CR RAZORPAY SBIN9586678451
bnk_000000886,setl_000000886,KKBK3418416972,1952.91,INR,2026-08-23,NEFT CR RAZORPAY KKBK3418416972
bnk_000000887,setl_000000887,AXIS9067148137,1952.58,INR,2026-08-25,NEFT CR RAZORPAY AXIS9067148137
bnk_000000888,setl_000000888,SBIN2172582522,3416.84,INR,2026-08-20,NEFT CR RAZORPAY SBIN2172582522
bnk_000000889,setl_000000889,ICICI9598728606,7323.00,INR,2026-08-17,NEFT CR RAZORPAY ICICI9598728606
bnk_000000890,setl_000000890,SBIN8569730580,11716.90,INR,2026-08-29,NEFT CR RAZORPAY SBIN8569730580
bnk_000000891,setl_000000891,SBIN3887274233,3416.89,INR,2026-08-30,NEFT CR RAZORPAY SBIN3887274233
bnk_000000892,setl_000000892,HDFC5830824012,3416.66,INR,2026-08-24,NEFT CR RAZORPAY HDFC5830824012
bnk_000000893,setl_000000893,AXIS1822536398,1953.69,INR,2026-08-20,NEFT CR RAZORPAY AXIS1822536398
bnk_000000894,setl_000000894,SBIN1898018927,1952.61,INR,2026-08-23,NEFT CR RAZORPAY SBIN1898018927
bnk_000000895,setl_000000895,SBIN1753890647,1221.43,INR,2026-08-18,NEFT CR RAZORPAY SBIN1753890647
bnk_000000896,setl_000000896,AXIS3911896416,11717.56,INR,2026-08-21,NEFT CR RAZORPAY AXIS3911896416
bnk_000000897,setl_000000897,SBIN9326907907,4881.53,INR,2026-08-21,NEFT CR RAZORPAY SBIN9326907907
bnk_000000898,setl_000000898,KKBK4259973452,1951.88,INR,2026-08-21,NEFT CR RAZORPAY KKBK4259973452
bnk_000000899,setl_000000899,SBIN6130802891,878.50,INR,2026-08-29,NEFT CR RAZORPAY SBIN6130802891
bnk_000000900,setl_000000900,SBIN5113615245,1952.02,INR,2026-08-19,NEFT CR RAZORPAY SBIN5113615245
bnk_000000901,setl_000000901,SBIN4470587327,3416.73,INR,2026-08-20,NEFT CR RAZORPAY SBIN4470587327
bnk_000000902,setl_000000902,HDFC8823857581,11433.88,INR,2026-08-18,NEFT CR RAZORPAY HDFC8823857581
bnk_000000903,setl_000000903,SBIN3486504625,877.85,INR,2026-08-17,NEFT CR RAZORPAY SBIN3486504625
bnk_000000904,setl_000000904,HDFC2898025111,1953.56,INR,2026-08-27,NEFT CR RAZORPAY HDFC2898025111
bnk_000000905,setl_000000905,KKBK5519178084,4881.52,INR,2026-08-18,NEFT CR RAZORPAY KKBK5519178084
bnk_000000906,setl_000000906,KKBK3680094643,7323.48,INR,2026-08-24,NEFT CR RAZORPAY KKBK3680094643
bnk_000000907,setl_000000907,HDFC1826700966,877.79,INR,2026-08-26,NEFT CR RAZORPAY HDFC1826700966
bnk_000000908,setl_000000908,ICICI6395707726,4631.62,INR,2026-08-28,NEFT CR RAZORPAY ICICI6395707726
bnk_000000909,setl_000000909,HDFC1259807661,1953.53,INR,2026-08-23,NEFT CR RAZORPAY HDFC1259807661
bnk_000000910,setl_000000910,KKBK4330728529,1221.09,INR,2026-08-21,NEFT CR RAZORPAY KKBK4330728529
bnk_000000911,setl_000000911,HDFC1621053924,1952.45,INR,2026-08-30,NEFT CR RAZORPAY HDFC1621053924
bnk_000000912,setl_000000912,ICICI5194081855,1951.90,INR,2026-08-22,NEFT CR RAZORPAY ICICI5194081855
bnk_000000913,setl_000000913,SBIN9431299488,1953.32,INR,2026-08-22,NEFT CR RAZORPAY SBIN9431299488
bnk_000000914,setl_000000914,HDFC3130006033,488.01,INR,2026-08-20,NEFT CR RAZORPAY HDFC3130006033
bnk_000000915,setl_000000915,AXIS2614528899,4881.25,INR,2026-08-30,NEFT CR RAZORPAY AXIS2614528899
bnk_000000916,setl_000000916,HDFC3382382306,1220.86,INR,2026-08-24,NEFT CR RAZORPAY HDFC3382382306
bnk_000000917,setl_000000917,HDFC1855226225,1953.02,INR,2026-08-20,NEFT CR RAZORPAY HDFC1855226225
bnk_000000918,setl_000000918,KKBK2056408479,1951.84,INR,2026-08-19,NEFT CR RAZORPAY KKBK2056408479
bnk_000000919,setl_000000919,ICICI5771575572,1952.20,INR,2026-08-24,NEFT CR RAZORPAY ICICI5771575572
bnk_000000920,setl_000000920,KKBK9081684463,877.93,INR,2026-08-19,NEFT CR RAZORPAY KKBK9081684463
bnk_000000921,setl_000000921,SBIN8277194571,3417.16,INR,2026-08-23,NEFT CR RAZORPAY SBIN8277194571
bnk_000000922,setl_000000922,KKBK7594786332,1220.90,INR,2026-08-20,NEFT CR RAZORPAY KKBK7594786332
bnk_000000923,setl_000000923,KKBK9099596606,1952.73,INR,2026-08-18,NEFT CR RAZORPAY KKBK9099596606
bnk_000000924,setl_000000924,SBIN7481786488,7323.65,INR,2026-08-24,NEFT CR RAZORPAY SBIN7481786488
bnk_000000925,setl_000000925,SBIN7420082849,1953.53,INR,2026-08-23,NEFT CR RAZORPAY SBIN7420082849
bnk_000000926,setl_000000926,ICICI6301641456,1952.20,INR,2026-08-23,NEFT CR RAZORPAY ICICI6301641456
bnk_000000927,setl_000000927,AXIS1364036788,678.14,INR,2026-08-24,NEFT CR RAZORPAY AXIS1364036788
bnk_000000928,setl_000000928,KKBK6739682547,7323.58,INR,2026-08-23,NEFT CR RAZORPAY KKBK6739682547
bnk_000000929,setl_000000929,SBIN1106163845,7323.28,INR,2026-08-21,NEFT CR RAZORPAY SBIN1106163845
bnk_000000930,setl_000000930,AXIS3764474604,1553.08,INR,2026-08-18,NEFT CR RAZORPAY AXIS3764474604
bnk_000000931,setl_000000931,AXIS6709047877,1953.73,INR,2026-08-30,NEFT CR RAZORPAY AXIS6709047877
bnk_000000932,setl_000000932,KKBK5286358927,11717.12,INR,2026-08-17,NEFT CR RAZORPAY KKBK5286358927
bnk_000000933,setl_000000933,SBIN9357211829,487.81,INR,2026-08-27,NEFT CR RAZORPAY SBIN9357211829
bnk_000000934,setl_000000934,ICICI4217519234,7323.28,INR,2026-08-25,NEFT CR RAZORPAY ICICI4217519234
bnk_000000935,setl_000000935,SBIN5663801308,1952.35,INR,2026-08-29,NEFT CR RAZORPAY SBIN5663801308
bnk_000000936,setl_000000936,KKBK5424263300,1221.22,INR,2026-08-30,NEFT CR RAZORPAY KKBK5424263300
bnk_000000937,setl_000000937,AXIS2459525419,4881.55,INR,2026-08-27,NEFT CR RAZORPAY AXIS2459525419
bnk_000000938,setl_000000938,HDFC1597579155,3417.13,INR,2026-08-27,NEFT CR RAZORPAY HDFC1597579155
bnk_000000939,setl_000000939,ICICI9369571318,878.38,INR,2026-08-23,NEFT CR RAZORPAY ICICI9369571318
bnk_000000940,setl_000000940,SBIN2308442317,1220.63,INR,2026-08-27,NEFT CR RAZORPAY SBIN2308442317
bnk_000000941,setl_000000941,KKBK3098578259,1220.75,INR,2026-08-18,NEFT CR RAZORPAY KKBK3098578259
bnk_000000942,setl_000000942,KKBK5595526656,487.68,INR,2026-08-25,NEFT CR RAZORPAY KKBK5595526656
bnk_000000943,setl_000000943,SBIN2679784362,877.94,INR,2026-08-25,NEFT CR RAZORPAY SBIN2679784362
bnk_000000944,setl_000000944,ICICI6178343325,4881.90,INR,2026-08-27,NEFT CR RAZORPAY ICICI6178343325
bnk_000000945,setl_000000945,KKBK7266170179,1951.82,INR,2026-08-19,NEFT CR RAZORPAY KKBK7266170179
bnk_000000946,setl_000000946,ICICI7553503798,7323.57,INR,2026-08-24,NEFT CR RAZORPAY ICICI7553503798
bnk_000000947,setl_000000947,SBIN8698070838,4881.78,INR,2026-08-30,NEFT CR RAZORPAY SBIN8698070838
bnk_000000948,setl_000000948,KKBK8444226103,7323.48,INR,2026-08-27,NEFT CR RAZORPAY KKBK8444226103
bnk_000000949,setl_000000949,HDFC4738939076,1953.58,INR,2026-08-25,NEFT CR RAZORPAY HDFC4738939076
bnk_000000950,setl_000000950,ICICI9197960727,4881.97,INR,2026-08-25,NEFT CR RAZORPAY ICICI9197960727
bnk_000000951,setl_000000951,KKBK6695183060,7323.21,INR,2026-08-21,NEFT CR RAZORPAY KKBK6695183060
bnk_000000952,setl_000000952,HDFC7278829740,3417.35,INR,2026-08-23,NEFT CR RAZORPAY HDFC7278829740
bnk_000000953,setl_000000953,HDFC5881146883,7323.61,INR,2026-08-24,NEFT CR RAZORPAY HDFC5881146883
bnk_000000954,setl_000000954,SBIN5897361184,1953.00,INR,2026-08-19,NEFT CR RAZORPAY SBIN5897361184
bnk_000000955,setl_000000955,HDFC2678685838,878.61,INR,2026-08-29,NEFT CR RAZORPAY HDFC2678685838
bnk_000000956,setl_000000956,AXIS1764247480,488.06,INR,2026-08-25,NEFT CR RAZORPAY AXIS1764247480
bnk_000000957,setl_000000957,KKBK4852628125,4881.88,INR,2026-08-21,NEFT CR RAZORPAY KKBK4852628125
bnk_000000958,setl_000000958,SBIN4294730573,1952.28,INR,2026-08-20,NEFT CR RAZORPAY SBIN4294730573
bnk_000000959,setl_000000959,HDFC3873116056,1951.94,INR,2026-08-29,NEFT CR RAZORPAY HDFC3873116056
bnk_000000960,setl_000000960,KKBK6700029200,11717.58,INR,2026-08-20,NEFT CR RAZORPAY KKBK6700029200
bnk_000000961,setl_000000961,HDFC1998185368,378.22,INR,2026-08-22,NEFT CR RAZORPAY HDFC1998185368
bnk_000000962,setl_000000962,ICICI2970427638,878.60,INR,2026-08-30,NEFT CR RAZORPAY ICICI2970427638
bnk_000000963,setl_000000963,ICICI7060614764,7323.13,INR,2026-08-28,NEFT CR RAZORPAY ICICI7060614764
bnk_000000964,setl_000000964,HDFC7871377065,4881.86,INR,2026-08-29,NEFT CR RAZORPAY HDFC7871377065
bnk_000000965,setl_000000965,AXIS8157007197,878.19,INR,2026-08-17,NEFT CR RAZORPAY AXIS8157007197
bnk_000000966,setl_000000966,ICICI1057087328,487.98,INR,2026-08-29,NEFT CR RAZORPAY ICICI1057087328
bnk_000000967,setl_000000967,ICICI3661875683,487.39,INR,2026-08-22,NEFT CR RAZORPAY ICICI3661875683
bnk_000000968,setl_000000968,ICICI3757536074,1952.72,INR,2026-08-26,NEFT CR RAZORPAY ICICI3757536074
bnk_000000969,setl_000000969,AXIS4266296360,11717.32,INR,2026-08-27,NEFT CR RAZORPAY AXIS4266296360
bnk_000000970,setl_000000970,AXIS2472007336,1952.50,INR,2026-08-17,NEFT CR RAZORPAY AXIS2472007336
bnk_000000971,setl_000000971,SBIN7534672190,1221.05,INR,2026-08-27,NEFT CR RAZORPAY SBIN7534672190
bnk_000000972,setl_000000972,ICICI9813731840,1220.75,INR,2026-08-19,NEFT CR RAZORPAY ICICI9813731840
bnk_000000973,setl_000000973,HDFC7301035934,1221.40,INR,2026-08-20,NEFT CR RAZORPAY HDFC7301035934
bnk_000000974,setl_000000974,AXIS3729897436,1953.40,INR,2026-08-18,NEFT CR RAZORPAY AXIS3729897436
bnk_000000975,setl_000000975,SBIN3070177372,4881.55,INR,2026-08-30,NEFT CR RAZORPAY SBIN3070177372
bnk_000000976,setl_000000976,ICICI6049590132,4881.60,INR,2026-08-21,NEFT CR RAZORPAY ICICI6049590132
bnk_000000977,setl_000000977,SBIN5603945749,1221.39,INR,2026-08-24,NEFT CR RAZORPAY SBIN5603945749
bnk_000000978,setl_000000978,KKBK6902392354,4881.54,INR,2026-08-23,NEFT CR RAZORPAY KKBK6902392354
bnk_000000979,setl_000000979,KKBK5600916521,487.37,INR,2026-08-23,NEFT CR RAZORPAY KKBK5600916521
bnk_000000980,setl_000000980,AXIS8340650878,3417.29,INR,2026-08-17,NEFT CR RAZORPAY AXIS8340650878
bnk_000000981,setl_000000981,ICICI3051815663,3417.20,INR,2026-08-28,NEFT CR RAZORPAY ICICI3051815663
bnk_000000982,setl_000000982,SBIN5927905410,1952.57,INR,2026-08-26,NEFT CR RAZORPAY SBIN5927905410
bnk_000000983,setl_000000983,HDFC9232949182,4881.90,INR,2026-08-26,NEFT CR RAZORPAY HDFC9232949182
bnk_000000984,setl_000000984,ICICI8858714543,1953.66,INR,2026-08-21,NEFT CR RAZORPAY ICICI8858714543
bnk_000000985,setl_000000985,SBIN4734121713,878.57,INR,2026-08-26,NEFT CR RAZORPAY SBIN4734121713
bnk_000000986,setl_000000986,ICICI2323280914,1221.11,INR,2026-08-17,NEFT CR RAZORPAY ICICI2323280914
bnk_000000987,setl_000000987,AXIS8443359717,1220.72,INR,2026-08-22,NEFT CR RAZORPAY AXIS8443359717
bnk_000000988,setl_000000988,ICICI5768436968,1952.05,INR,2026-08-20,NEFT CR RAZORPAY ICICI5768436968
bnk_000000989,setl_000000989,ICICI7050717297,878.57,INR,2026-08-19,NEFT CR RAZORPAY ICICI7050717297
bnk_000000990,setl_000000990,AXIS5570972363,487.95,INR,2026-08-20,NEFT CR RAZORPAY AXIS5570972363
bnk_000000991,setl_000000991,AXIS9620972851,487.34,INR,2026-08-20,NEFT CR RAZORPAY AXIS9620972851
bnk_000000992,setl_000000992,KKBK8565000642,7323.59,INR,2026-08-29,NEFT CR RAZORPAY KKBK8565000642
bnk_000000993,setl_000000993,AXIS9587551470,1952.27,INR,2026-08-27,NEFT CR RAZORPAY AXIS9587551470
bnk_000000994,setl_000000994,AXIS4462904162,487.25,INR,2026-08-30,NEFT CR RAZORPAY AXIS4462904162
bnk_000000995,setl_000000995,HDFC4500620658,3416.98,INR,2026-08-26,NEFT CR RAZORPAY HDFC4500620658
bnk_000000996,setl_000000996,ICICI2383767931,3416.47,INR,2026-08-29,NEFT CR RAZORPAY ICICI2383767931
bnk_000000997,setl_000000997,SBIN5644445498,4881.61,INR,2026-08-27,NEFT CR RAZORPAY SBIN5644445498
bnk_000000998,setl_000000998,ICICI4057767497,11717.52,INR,2026-08-29,NEFT CR RAZORPAY ICICI4057767497
bnk_000000999,setl_000000999,HDFC9052143587,1221.06,INR,2026-08-18,NEFT CR RAZORPAY HDFC9052143587
bnk_orphan_001,setl_orphan_001,ICICI1908990420,4882.00,INR,2026-08-28,NEFT CR RAZORPAY ICICI1908990420
