order_id,payment_id,order_amount,currency,order_date,status,payment_method
O-100000,pay_000000000,4999.04,INR,2026-08-15 10:13:00,captured,Card
O-100001,pay_000000001,12000.53,INR,2026-08-18 16:37:00,captured,Netbanking
O-100002,pay_000000002,2000.19,INR,2026-08-18 14:06:00,captured,UPI
O-100003,pay_000000003,2000.05,INR,2026-08-26 16:34:00,captured,UPI
O-100004,pay_000000004,2000.80,INR,2026-08-24 14:36:00,captured,UPI
O-100005,pay_000000005,899.29,INR,2026-08-28 10:24:00,captured,Netbanking
O-100006,pay_000000006,3499.26,INR,2026-08-25 13:44:00,captured,UPI
O-100007,pay_000000007,7500.48,INR,2026-08-19 19:44:00,captured,Card
O-100008,pay_000000008,2000.08,INR,2026-08-18 18:56:00,captured,Netbanking
O-100009,pay_000000009,2000.17,INR,2026-08-18 17:34:00,captured,Netbanking
O-100010,pay_000000010,1999.17,INR,2026-08-23 16:05:00,captured,UPI
O-100011,pay_000000011,4999.76,INR,2026-08-16 15:24:00,captured,Wallet
O-100012,pay_000000012,899.87,INR,2026-08-23 13:49:00,captured,Netbanking
O-100013,pay_000000013,499.92,INR,2026-08-26 13:32:00,captured,Card
O-100014,pay_000000014,1250.47,INR,2026-08-27 11:34:00,captured,UPI
O-100015,pay_000000015,3499.39,INR,2026-08-18 09:15:00,captured,UPI
O-100016,pay_000000016,12000.98,INR,2026-08-17 11:42:00,captured,Wallet
O-100017,pay_000000017,3499.56,INR,2026-08-23 16:07:00,captured,Card
O-100018,pay_000000018,899.90,INR,2026-08-25 09:14:00,captured,UPI
O-100019,pay_000000019,1999.35,INR,2026-08-25 16:13:00,captured,Wallet
O-100020,pay_000000020,1999.12,INR,2026-08-16 19:27:00,captured,Netbanking
O-100021,pay_000000021,899.07,INR,2026-08-21 14:51:00,captured,UPI
O-100022,pay_000000022,1250.54,INR,2026-08-17 13:29:00,captured,Card
O-100023,pay_000000023,499.83,INR,2026-08-23 09:05:00,captured,Card
O-100024,pay_000000024,4999.07,INR,2026-08-17 15:00:00,captured,Wallet
O-100025,pay_000000025,,INR,2026-08-26 16:09:00,captured,Card
O-100026,pay_000000026,3499.07,INR,2026-08-15 18:30:00,captured,Card
O-100027,pay_000000027,899.86,INR,2026-08-28 12:25:00,captured,UPI
O-100028,pay_000000028,899.53,INR,2026-08-25 18:36:00,captured,Netbanking
O-100029,pay_000000029,2000.50,INR,2026-08-17 19:41:00,captured,Wallet
O-100030,pay_000000030,899.09,INR,2026-08-23 12:32:00,captured,Netbanking
O-100031,pay_000000031,1999.47,INR,2026-08-19 11:28:00,captured,Netbanking
O-100032,pay_000000032,12000.38,INR,2026-08-25 10:56:00,captured,Card
O-100033,pay_000000033,2000.77,INR,2026-08-18 14:13:00,captured,Netbanking
O-100034,pay_000000034,899.81,INR,2026-08-21 13:02:00,captured,UPI
O-100035,pay_000000035,7500.70,INR,2026-08-26 15:35:00,captured,UPI
O-100036,pay_000000036,3499.74,INR,2026-08-23 11:27:00,captured,Card
O-100037,pay_000000037,3499.26,INR,2026-08-25 12:42:00,captured,UPI
O-100038,pay_000000038,1250.22,INR,2026-08-21 09:11:00,captured,Netbanking
O-100039,pay_000000039,2000.20,INR,2026-08-27 10:24:00,captured,UPI
O-100040,pay_000000040,3499.39,INR,2026-08-28 12:14:00,captured,UPI
O-100041,pay_000000041,899.98,INR,2026-08-19 14:41:00,captured,Wallet
O-100042,pay_000000042,2000.22,INR,2026-08-24 13:02:00,captured,UPI
O-100043,pay_000000043,12000.14,INR,2026-08-21 18:12:00,captured,Netbanking
O-100044,pay_000000044,12000.87,INR,2026-08-26 19:12:00,captured,Netbanking
O-100045,pay_000000045,899.92,INR,2026-08-19 17:19:00,captured,Wallet
O-100046,pay_000000046,1999.53,INR,2026-08-25 15:43:00,captured,Card
O-100047,pay_000000047,2000.36,INR,2026-08-18 15:50:00,captured,Netbanking
O-100048,pay_000000048,12000.60,INR,2026-08-27 11:42:00,captured,UPI
O-100049,pay_000000049,1999.86,INR,2026-08-19 12:51:00,captured,Card
O-100050,pay_000000050,4999.80,INR,2026-08-24 12:45:00,captured,Wallet
O-100051,pay_000000051,899.99,INR,2026-08-21 12:11:00,captured,Wallet
O-100052,pay_000000052,1250.59,INR,2026-08-25 17:35:00,captured,Netbanking
O-100053,pay_000000053,12000.57,INR,2026-08-17 16:28:00,captured,Card
O-100054,pay_000000054,1999.35,INR,2026-08-22 10:45:00,captured,Netbanking
O-100055,pay_000000055,1250.19,INR,2026-08-18 15:44:00,captured,Card
O-100056,pay_000000056,3499.69,INR,2026-08-22 15:03:00,captured,Card
O-100057,pay_000000057,4999.61,INR,2026-08-15 14:19:00,captured,Wallet
O-100058,pay_000000058,7500.28,INR,2026-08-19 15:31:00,captured,UPI
O-100059,pay_000000059,7500.16,INR,2026-08-24 17:01:00,captured,Wallet
O-100060,pay_000000060,4999.17,INR,2026-08-28 16:11:00,captured,UPI
O-100061,pay_000000061,3499.43,INR,2026-08-27 15:17:00,captured,Wallet
O-100062,pay_000000062,12000.06,INR,2026-08-20 12:41:00,captured,UPI
O-100063,pay_000000063,1999.25,INR,2026-08-28 09:39:00,captured,Card
O-100064,pay_000000064,1999.59,INR,2026-08-26 13:49:00,captured,Netbanking
O-100065,pay_000000065,1250.39,INR,2026-08-16 18:01:00,captured,Netbanking
O-100066,pay_000000066,899.75,INR,2026-08-26 19:15:00,captured,UPI
O-100067,pay_000000067,3499.68,INR,2026-08-21 19:23:00,captured,UPI
O-100068,pay_000000068,4999.46,INR,2026-08-25 16:45:00,captured,Card
O-100069,pay_000000069,4999.93,INR,2026-08-24 13:20:00,captured,Card
O-100070,pay_000000070,7500.72,INR,2026-08-24 19:24:00,captured,Netbanking
O-100071,pay_000000071,1999.45,INR,2026-08-27 13:21:00,captured,Netbanking
O-100072,pay_000000072,12000.24,INR,2026-08-16 12:46:00,captured,Wallet
O-100073,pay_000000073,7500.57,INR,2026-08-27 09:05:00,captured,Netbanking
O-100074,pay_000000074,7500.70,INR,2026-08-23 14:27:00,captured,Netbanking
O-100075,pay_000000075,2000.29,INR,2026-08-16 12:20:00,captured,UPI
O-100076,pay_000000076,7500.35,INR,2026-08-26 18:48:00,captured,Netbanking
O-100077,pay_000000077,3499.22,INR,2026-08-19 09:45:00,captured,Card
O-100078,pay_000000078,1250.81,INR,2026-08-28 16:06:00,captured,UPI
O-100079,pay_000000079,3499.23,INR,2026-08-15 13:55:00,captured,Wallet
O-100080,pay_000000080,899.73,INR,2026-08-25 19:03:00,captured,Card
O-100081,pay_000000081,899.31,INR,2026-08-16 17:48:00,captured,Wallet
O-100082,pay_000000082,7500.56,INR,2026-08-19 18:27:00,captured,Netbanking
O-100083,pay_000000083,1999.80,INR,2026-08-18 13:42:00,captured,UPI
O-100084,pay_000000084,1250.00,INR,2026-08-21 16:44:00,captured,Wallet
O-100085,pay_000000085,899.87,INR,2026-08-18 13:50:00,captured,Card
O-100086,pay_000000086,499.21,INR,2026-08-27 13:38:00,captured,Netbanking
O-100087,pay_000000087,4999.34,INR,2026-08-23 17:31:00,captured,Wallet
O-100088,pay_000000088,3499.77,INR,2026-08-19 09:05:00,captured,Card
O-100089,pay_000000089,499.97,INR,2026-08-27 11:30:00,captured,Wallet
O-100090,pay_000000090,899.60,INR,2026-08-20 15:21:00,captured,UPI
O-100091,pay_000000091,4999.97,INR,2026-08-23 09:29:00,captured,UPI
O-100092,pay_000000092,12000.00,INR,2026-08-25 17:29:00,captured,Wallet
O-100093,pay_000000093,7500.97,INR,2026-08-15 12:17:00,captured,Card
O-100094,pay_000000094,499.80,INR,2026-08-24 12:45:00,captured,Netbanking
O-100095,pay_000000095,1999.14,INR,2026-08-22 10:41:00,captured,Card
O-100096,pay_000000096,7500.60,INR,2026-08-18 16:35:00,captured,Card
O-100097,pay_000000097,899.35,INR,2026-08-27 15:21:00,captured,Netbanking
O-100098,pay_000000098,7500.19,INR,2026-08-22 17:30:00,captured,Netbanking
O-100099,pay_000000099,3499.24,INR,2026-08-26 12:36:00,captured,Wallet
O-100100,pay_000000100,7500.90,INR,2026-08-27 15:24:00,captured,Card
O-100101,pay_000000101,899.67,INR,2026-08-22 09:46:00,captured,Card
O-100102,pay_000000102,2000.43,INR,2026-08-24 15:41:00,captured,UPI
O-100103,pay_000000103,12000.04,INR,2026-08-24 10:15:00,captured,Netbanking
O-100104,pay_000000104,7500.21,INR,2026-08-26 13:57:00,captured,UPI
O-100105,pay_000000105,3499.55,INR,2026-08-17 12:33:00,captured,Wallet
O-100106,pay_000000106,899.78,INR,2026-08-28 15:39:00,captured,Card
O-100107,pay_000000107,7500.81,INR,2026-08-19 16:16:00,captured,UPI
O-100108,pay_000000108,12000.20,INR,2026-08-16 16:22:00,captured,Netbanking
O-100109,pay_000000109,7500.38,INR,2026-08-18 15:54:00,captured,Wallet
O-100110,pay_000000110,2000.89,INR,2026-08-19 09:53:00,captured,Wallet
O-100111,pay_000000111,7500.36,INR,2026-08-27 12:38:00,captured,Netbanking
O-100112,pay_000000112,1250.80,INR,2026-08-16 19:41:00,captured,UPI
O-100113,pay_000000113,3499.93,INR,2026-08-17 10:58:00,captured,Netbanking
O-100114,pay_000000114,"₹1,250.69",INR,2026-08-20 17:32:00,captured,Netbanking
O-100115,pay_000000115,2000.95,INR,2026-08-28 14:51:00,captured,UPI
O-100116,pay_000000116,4999.71,INR,2026-08-20 10:50:00,captured,Wallet
O-100117,pay_000000117,3499.86,INR,2026-08-26 19:16:00,captured,Wallet
O-100118,pay_000000118,499.79,INR,2026-08-23 14:58:00,captured,Card
O-100119,pay_000000119,1250.05,INR,2026-08-15 13:31:00,captured,UPI
O-100120,pay_000000120,7500.47,INR,2026-08-25 17:26:00,captured,Card
O-100121,pay_000000121,4999.35,INR,2026-08-15 14:13:00,captured,Wallet
O-100122,pay_000000122,899.87,INR,2026-08-20 17:57:00,captured,Netbanking
O-100123,pay_000000123,1999.82,INR,2026-08-25 18:01:00,captured,UPI
O-100124,pay_000000124,1999.08,INR,2026-08-28 17:13:00,captured,Card
O-100125,pay_000000125,1250.16,INR,2026-08-23 13:51:00,captured,Card
O-100126,pay_000000126,3499.30,INR,2026-08-24 14:01:00,captured,Card
O-100127,pay_000000127,12000.14,INR,2026-08-26 10:30:00,captured,Wallet
O-100128,pay_000000128,7500.64,INR,2026-08-18 18:02:00,captured,Netbanking
O-100129,pay_000000129,899.62,INR,2026-08-26 16:04:00,captured,UPI
O-100130,pay_000000130,2000.79,INR,2026-08-25 18:35:00,captured,Netbanking
O-100131,pay_000000131,7500.64,INR,2026-08-24 15:06:00,captured,UPI
O-100132,pay_000000132,7500.29,INR,2026-08-21 14:52:00,captured,Wallet
O-100133,pay_000000133,3499.85,INR,2026-08-19 14:09:00,captured,Wallet
O-100134,pay_000000134,899.95,INR,2026-08-26 14:51:00,captured,Card
O-100135,pay_000000135,899.52,INR,2026-08-20 19:48:00,captured,Wallet
O-100136,pay_000000136,2000.45,INR,2026-08-16 18:32:00,captured,Card
O-100137,pay_000000137,12000.47,INR,2026-08-16 13:36:00,captured,Card
O-100138,pay_000000138,2000.03,INR,2026-08-17 13:44:00,captured,Netbanking
O-100139,pay_000000139,1250.72,INR,2026-08-25 15:04:00,captured,UPI
O-100140,pay_000000140,4999.58,INR,2026-08-20 11:23:00,captured,Netbanking
O-100141,pay_000000141,499.19,INR,2026-08-17 18:03:00,captured,UPI
O-100142,pay_000000142,2000.27,INR,2026-08-27 17:07:00,captured,Netbanking
O-100143,pay_000000143,12000.85,INR,2026-08-19 09:14:00,captured,Wallet
O-100144,pay_000000144,2000.27,INR,2026-08-27 11:48:00,captured,Netbanking
O-100145,pay_000000145,1250.48,INR,2026-08-23 12:32:00,captured,Netbanking
O-100146,pay_000000146,7500.09,INR,2026-08-28 14:36:00,captured,Wallet
O-100147,pay_000000147,4999.02,INR,2026-08-20 11:51:00,captured,Wallet
O-100148,pay_000000148,899.31,INR,2026-08-21 18:25:00,captured,UPI
O-100149,pay_000000149,1999.42,INR,2026-08-27 11:04:00,captured,UPI
O-100150,pay_000000150,1250.30,INR,2026-08-16 11:16:00,captured,Card
O-100151,pay_000000151,1250.98,INR,2026-08-25 16:29:00,captured,Wallet
O-100152,pay_000000152,7500.08,INR,2026-08-22 16:40:00,captured,Netbanking
O-100153,pay_000000153,12000.09,INR,2026-08-19 16:28:00,captured,UPI
O-100154,pay_000000154,899.78,INR,2026-08-24 17:24:00,captured,Wallet
O-100155,pay_000000155,3499.77,INR,2026-08-22 17:09:00,captured,UPI
O-100156,pay_000000156,1250.05,INR,2026-08-18 16:28:00,captured,Card
O-100157,pay_000000157,3499.86,INR,2026-08-24 09:50:00,captured,Netbanking
O-100158,pay_000000158,2000.92,INR,2026-08-28 19:58:00,captured,Card
O-100159,pay_000000159,3499.39,INR,2026-08-25 19:25:00,captured,Card
O-100160,pay_000000160,1250.85,INR,2026-08-26 19:58:00,captured,UPI
O-100161,pay_000000161,499.46,INR,2026-08-19 11:13:00,captured,Netbanking
O-100162,pay_000000162,1250.19,INR,2026-08-16 13:54:00,captured,UPI
O-100163,pay_000000163,1250.23,INR,2026-08-28 18:51:00,captured,Card
O-100164,pay_000000164,1999.56,INR,2026-08-24 13:48:00,captured,Wallet
O-100165,pay_000000165,3499.86,INR,2026-08-24 16:29:00,captured,Netbanking
O-100166,pay_000000166,1250.25,INR,2026-08-27 18:08:00,captured,Netbanking
O-100167,pay_000000167,12000.13,INR,2026-08-26 17:54:00,captured,UPI
O-100168,pay_000000168,12000.18,INR,2026-08-28 15:05:00,captured,Card
O-100169,pay_000000169,4999.06,INR,2026-08-21 17:23:00,captured,Card
O-100170,pay_000000170,499.40,INR,2026-08-16 19:21:00,captured,Card
O-100171,pay_000000171,7500.57,INR,2026-08-24 09:57:00,captured,UPI
O-100172,pay_000000172,12000.93,INR,2026-08-24 17:27:00,captured,UPI
O-100173,pay_000000173,499.30,INR,2026-08-21 19:50:00,captured,Wallet
O-100174,pay_000000174,12000.73,INR,2026-08-18 11:18:00,captured,Wallet
O-100175,pay_000000175,899.67,INR,2026-08-20 10:33:00,captured,UPI
O-100176,pay_000000176,4999.47,INR,2026-08-19 09:22:00,captured,UPI
O-100177,pay_000000177,499.45,INR,2026-08-23 14:52:00,captured,Card
O-100178,pay_000000178,7500.04,INR,2026-08-19 12:02:00,captured,Card
O-100179,pay_000000179,12000.50,INR,2026-08-28 17:30:00,captured,Netbanking
O-100180,pay_000000180,499.83,INR,2026-08-20 13:07:00,captured,Netbanking
O-100181,pay_000000181,4999.43,INR,2026-08-17 16:44:00,captured,Wallet
O-100182,pay_000000182,4999.10,INR,2026-08-21 18:52:00,captured,Card
O-100183,pay_000000183,3499.84,INR,2026-08-19 13:28:00,captured,Wallet
O-100184,pay_000000184,499.93,INR,2026-08-28 14:39:00,captured,Wallet
O-100185,pay_000000185,4999.46,INR,2026-08-23 19:10:00,captured,UPI
O-100186,pay_000000186,1250.08,INR,2026-08-18 19:23:00,captured,Netbanking
O-100187,pay_000000187,1250.86,INR,2026-08-22 14:23:00,captured,Wallet
O-100188,pay_000000188,3499.83,INR,2026-08-19 12:07:00,captured,UPI
O-100189,pay_000000189,12000.15,INR,2026-08-19 13:45:00,captured,Wallet
O-100190,pay_000000190,899.17,INR,2026-08-28 10:28:00,captured,Card
O-100191,pay_000000191,3499.85,INR,2026-08-20 10:35:00,captured,Netbanking
O-100192,pay_000000192,3499.65,INR,2026-08-18 10:12:00,captured,Card
O-100193,pay_000000193,12000.73,INR,2026-08-20 16:51:00,captured,Card
O-100194,pay_000000194,4999.91,INR,2026-08-26 16:33:00,captured,Wallet
O-100195,pay_000000195,3499.82,INR,2026-08-16 16:29:00,captured,Netbanking
O-100196,pay_000000196,4999.64,INR,2026-08-28 09:53:00,captured,UPI
O-100197,pay_000000197,3499.90,INR,2026-08-18 14:33:00,captured,Netbanking
O-100198,pay_000000198,2000.78,INR,2026-08-23 10:32:00,captured,Card
O-100199,pay_000000199,3499.72,INR,2026-08-15 09:05:00,captured,UPI
O-100200,pay_000000200,499.63,INR,2026-08-25 17:18:00,captured,Netbanking
O-100201,pay_000000201,899.88,INR,2026-08-15 11:28:00,captured,Wallet
O-100202,pay_000000202,3499.93,INR,2026-08-28 14:25:00,captured,Card
O-100203,pay_000000203,3499.30,INR,2026-08-22 10:17:00,captured,Wallet
O-100204,pay_000000204,4999.78,INR,2026-08-21 12:55:00,captured,Card
O-100205,pay_000000205,1999.97,INR,2026-08-17 16:32:00,captured,Wallet
O-100206,pay_000000206,899.50,INR,2026-08-23 16:15:00,captured,Card
O-100207,pay_000000207,7500.76,INR,2026-08-28 19:43:00,captured,Wallet
O-100208,pay_000000208,4999.17,INR,2026-08-19 14:48:00,captured,Wallet
O-100209,pay_000000209,12000.24,INR,2026-08-20 17:18:00,captured,UPI
O-100210,pay_000000210,899.50,INR,2026-08-20 14:35:00,captured,Netbanking
O-100211,pay_000000211,499.17,INR,2026-08-26 14:51:00,captured,Wallet
O-100212,pay_000000212,3499.78,INR,2026-08-20 11:25:00,captured,Netbanking
O-100213,pay_000000213,2000.60,INR,2026-08-28 09:23:00,captured,Netbanking
O-100214,pay_000000214,499.76,INR,2026-08-22 13:41:00,captured,Card
O-100215,pay_000000215,12000.80,INR,2026-08-26 18:49:00,captured,Wallet
O-100216,pay_000000216,899.24,INR,2026-08-15 16:20:00,captured,Wallet
O-100217,pay_000000217,499.90,INR,2026-08-17 17:13:00,captured,Netbanking
O-100218,pay_000000218,3499.22,INR,2026-08-22 17:21:00,captured,Netbanking
O-100219,pay_000000219,1999.31,INR,2026-08-19 17:19:00,captured,Card
O-100220,pay_000000220,1999.88,INR,2026-08-26 16:20:00,captured,Netbanking
O-100221,pay_000000221,12000.48,INR,2026-08-21 14:49:00,captured,Card
O-100222,pay_000000222,7500.83,INR,2026-08-19 16:13:00,captured,Card
O-100223,pay_000000223,1250.13,INR,2026-08-24 18:15:00,captured,Card
O-100224,pay_000000224,899.52,INR,2026-08-20 16:06:00,captured,Card
O-100225,pay_000000225,7500.61,INR,2026-08-25 12:48:00,captured,Netbanking
O-100226,pay_000000226,1999.68,INR,2026-08-26 09:58:00,captured,Card
O-100227,pay_000000227,7500.23,INR,2026-08-26 13:56:00,captured,UPI
O-100228,pay_000000228,3499.36,INR,2026-08-22 19:34:00,captured,Wallet
O-100229,pay_000000229,1999.14,INR,2026-08-20 11:46:00,captured,Wallet
O-100230,pay_000000230,3499.37,INR,2026-08-24 19:48:00,captured,Card
O-100231,pay_000000231,12000.41,INR,2026-08-16 15:42:00,captured,UPI
O-100232,pay_000000232,1999.00,INR,2026-08-19 15:15:00,captured,Wallet
O-100233,pay_000000233,3499.88,INR,2026-08-18 09:42:00,captured,UPI
O-100234,pay_000000234,1999.28,INR,2026-08-17 16:09:00,captured,Wallet
O-100235,pay_000000235,12000.60,INR,2026-08-27 17:51:00,captured,Card
O-100236,pay_000000236,7500.67,INR,2026-08-26 14:04:00,captured,UPI
O-100237,pay_000000237,1250.41,INR,2026-08-28 17:28:00,captured,UPI
O-100238,pay_000000238,12000.57,INR,2026-08-27 09:29:00,captured,Card
O-100239,pay_000000239,12000.59,INR,2026-08-25 13:46:00,captured,UPI
O-100240,pay_000000240,899.05,INR,2026-08-21 14:44:00,captured,UPI
O-100241,pay_000000241,499.36,INR,2026-08-21 11:49:00,captured,Card
O-100242,pay_000000242,7500.48,INR,2026-08-21 10:43:00,captured,Card
O-100243,pay_000000243,12000.50,INR,2026-08-23 11:46:00,captured,Card
O-100244,pay_000000244,7500.86,INR,2026-08-26 17:27:00,captured,Wallet
O-100245,pay_000000245,1250.35,INR,2026-08-18 10:02:00,captured,Wallet
O-100246,pay_000000246,899.12,INR,2026-08-24 09:28:00,captured,UPI
O-100247,pay_000000247,1999.69,INR,2026-08-18 09:08:00,captured,Netbanking
O-100248,pay_000000248,2000.18,INR,2026-08-25 17:14:00,captured,Wallet
O-100249,pay_000000249,12000.63,INR,2026-08-15 14:41:00,captured,Wallet
O-100250,pay_000000250,,INR,2026-08-19 15:11:00,captured,Wallet
O-100251,pay_000000251,7500.07,INR,2026-08-23 15:26:00,captured,Card
O-100252,pay_000000252,899.57,INR,2026-08-28 14:05:00,captured,Card
O-100253,pay_000000253,899.24,INR,2026-08-27 18:46:00,captured,Card
O-100254,pay_000000254,1999.24,INR,2026-08-26 10:47:00,captured,Wallet
O-100255,pay_000000255,4999.30,INR,2026-08-23 14:49:00,captured,Wallet
O-100256,pay_000000256,3499.65,INR,2026-08-22 16:06:00,captured,Wallet
O-100257,pay_000000257,3499.40,INR,2026-08-21 09:36:00,captured,Card
O-100258,pay_000000258,1250.25,INR,2026-08-20 12:24:00,captured,Card
O-100259,pay_000000259,7500.58,INR,2026-08-17 14:10:00,captured,Card
O-100260,pay_000000260,12000.04,INR,2026-08-28 10:52:00,captured,UPI
O-100261,pay_000000261,899.90,INR,2026-08-17 09:13:00,captured,Wallet
O-100262,pay_000000262,7500.02,INR,2026-08-15 17:35:00,captured,Wallet
O-100263,pay_000000263,12000.36,INR,2026-08-15 17:52:00,captured,Wallet
O-100264,pay_000000264,1999.79,INR,2026-08-23 13:52:00,captured,Netbanking
O-100265,pay_000000265,4999.58,INR,2026-08-24 12:44:00,captured,Card
O-100266,pay_000000266,899.51,INR,2026-08-21 15:35:00,captured,Wallet
O-100267,pay_000000267,899.63,INR,2026-08-28 15:41:00,captured,Netbanking
O-100268,pay_000000268,1999.27,INR,2026-08-28 18:30:00,captured,Netbanking
O-100269,pay_000000269,1250.40,INR,2026-08-15 12:37:00,captured,Card
O-100270,pay_000000270,2000.20,INR,2026-08-24 12:36:00,captured,Wallet
O-100271,pay_000000271,1250.88,INR,2026-08-26 10:32:00,captured,Netbanking
O-100272,pay_000000272,4999.99,INR,2026-08-20 09:40:00,captured,Netbanking
O-100273,pay_000000273,3499.70,INR,2026-08-21 15:11:00,captured,Wallet
O-100274,pay_000000274,2000.19,INR,2026-08-21 19:09:00,captured,Wallet
O-100275,pay_000000275,2000.56,INR,2026-08-20 13:06:00,captured,Card
O-100276,pay_000000276,499.11,INR,2026-08-20 17:05:00,captured,Netbanking
O-100277,pay_000000277,4999.99,INR,2026-08-16 17:57:00,captured,Card
O-100278,pay_000000278,1250.17,INR,2026-08-19 13:17:00,captured,Wallet
O-100279,pay_000000279,4999.38,INR,2026-08-22 10:23:00,captured,Netbanking
O-100280,pay_000000280,899.17,INR,2026-08-19 09:25:00,captured,Wallet
O-100281,pay_000000281,4999.83,INR,31/02/2026,captured,Netbanking
O-100282,pay_000000282,1250.50,INR,2026-08-20 13:47:00,captured,Wallet
O-100283,pay_000000283,2000.50,INR,2026-08-20 10:59:00,captured,Card
O-100284,pay_000000284,1999.56,INR,2026-08-27 13:53:00,captured,UPI
O-100285,pay_000000285,1250.81,INR,2026-08-19 12:16:00,captured,Card
O-100286,pay_000000286,7500.74,INR,2026-08-21 17:32:00,captured,Wallet
O-100287,pay_000000287,899.98,INR,2026-08-18 19:42:00,captured,Netbanking
O-100288,pay_000000288,4999.96,INR,2026-08-20 15:06:00,captured,UPI
O-100289,pay_000000289,7500.47,INR,2026-08-21 16:49:00,captured,Card
O-100290,pay_000000290,2000.53,INR,2026-08-16 10:53:00,captured,Card
O-100291,pay_000000291,7500.12,INR,2026-08-22 16:20:00,captured,UPI
O-100292,pay_000000292,1999.66,INR,2026-08-17 17:10:00,captured,Netbanking
O-100293,pay_000000293,4999.50,INR,2026-08-15 18:56:00,captured,Card
O-100294,pay_000000294,1999.26,INR,2026-08-19 10:36:00,captured,UPI
O-100295,pay_000000295,3499.25,INR,2026-08-22 10:16:00,captured,Wallet
O-100296,pay_000000296,4999.75,INR,2026-08-16 14:22:00,captured,Wallet
O-100297,pay_000000297,1250.40,INR,2026-08-16 12:19:00,captured,UPI
O-100298,pay_000000298,4999.76,INR,2026-08-17 18:24:00,captured,Wallet
O-100299,pay_000000299,12000.21,INR,2026-08-22 13:08:00,captured,Card
O-100300,pay_000000300,3499.01,INR,2026-08-22 11:12:00,captured,Wallet
O-100301,pay_000000301,4999.87,INR,2026-08-22 15:45:00,captured,Wallet
O-100302,pay_000000302,1999.37,INR,2026-08-15 13:14:00,captured,Netbanking
O-100303,pay_000000303,899.34,INR,2026-08-27 17:52:00,captured,Netbanking
O-100304,pay_000000304,1999.38,INR,2026-08-28 09:28:00,captured,Netbanking
O-100305,pay_000000305,1999.26,INR,2026-08-27 18:44:00,captured,Netbanking
O-100306,pay_000000306,1250.78,INR,2026-08-17 12:52:00,captured,Card
O-100307,pay_000000307,3499.90,INR,2026-08-19 13:36:00,captured,Netbanking
O-100308,pay_000000308,4999.07,INR,2026-08-19 19:08:00,captured,Card
O-100309,pay_000000309,4999.62,INR,2026-08-17 18:40:00,captured,Netbanking
O-100310,pay_000000310,899.51,INR,2026-08-23 13:44:00,captured,Netbanking
O-100311,pay_000000311,7500.81,INR,2026-08-25 14:54:00,captured,UPI
O-100312,pay_000000312,2000.41,INR,2026-08-28 13:21:00,captured,Card
O-100313,pay_000000313,499.05,INR,2026-08-16 19:50:00,captured,Wallet
O-100314,pay_000000314,499.54,INR,2026-08-18 11:56:00,captured,Netbanking
O-100315,pay_000000315,3499.32,INR,2026-08-16 14:42:00,captured,Card
O-100316,pay_000000316,4999.83,INR,2026-08-16 10:00:00,captured,Card
O-100317,pay_000000317,12000.87,INR,2026-08-22 09:00:00,captured,Netbanking
O-100318,pay_000000318,7500.09,INR,2026-08-18 15:05:00,captured,UPI
O-100319,pay_000000319,1250.48,INR,2026-08-27 11:41:00,captured,Card
O-100320,pay_000000320,1250.56,INR,2026-08-20 12:40:00,captured,Card
O-100321,pay_000000321,1999.11,INR,2026-08-16 11:48:00,captured,Wallet
O-100322,pay_000000322,2000.82,INR,2026-08-16 12:35:00,captured,Netbanking
O-100323,pay_000000323,12000.77,INR,2026-08-23 12:47:00,captured,Wallet
O-100324,pay_000000324,4999.14,INR,2026-08-18 16:40:00,captured,UPI
O-100325,pay_000000325,3499.16,INR,2026-08-21 18:26:00,captured,Netbanking
O-100326,pay_000000326,899.02,INR,2026-08-24 10:00:00,captured,Netbanking
O-100327,pay_000000327,4999.89,INR,2026-08-21 10:40:00,captured,Card
O-100328,pay_000000328,1999.19,INR,2026-08-23 14:25:00,captured,UPI
O-100329,pay_000000329,499.31,INR,2026-08-16 15:07:00,captured,Wallet
O-100330,pay_000000330,899.01,INR,2026-08-26 11:44:00,captured,UPI
O-100331,pay_000000331,1250.47,INR,2026-08-17 13:46:00,captured,UPI
O-100332,pay_000000332,12000.08,INR,2026-08-19 18:40:00,captured,UPI
O-100333,pay_000000333,7500.72,INR,2026-08-17 14:10:00,captured,Netbanking
O-100334,pay_000000334,12000.00,INR,2026-08-15 09:15:00,captured,UPI
O-100335,pay_000000335,1250.04,INR,2026-08-23 19:26:00,captured,Card
O-100336,pay_000000336,899.73,INR,2026-08-20 10:32:00,captured,UPI
O-100337,pay_000000337,4999.08,INR,2026-08-22 13:49:00,captured,Netbanking
O-100338,pay_000000338,3499.25,INR,2026-08-19 18:50:00,captured,Netbanking
O-100339,pay_000000339,7500.98,INR,2026-08-27 12:46:00,captured,Card
O-100340,pay_000000340,12000.44,INR,2026-08-25 09:21:00,captured,UPI
O-100341,pay_000000341,899.26,INR,2026-08-23 12:26:00,captured,Wallet
O-100342,pay_000000342,899.05,INR,2026-08-18 17:26:00,captured,Netbanking
O-100343,pay_000000343,12000.17,INR,2026-08-25 15:04:00,captured,UPI
O-100344,pay_000000344,2000.40,INR,2026-08-27 15:44:00,captured,Netbanking
O-100345,pay_000000345,1999.17,INR,2026-08-27 18:06:00,captured,Card
O-100346,pay_000000346,4999.15,INR,2026-08-23 14:49:00,captured,Card
O-100347,pay_000000347,1250.87,INR,2026-08-19 18:02:00,captured,Card
O-100348,pay_000000348,1999.45,INR,2026-08-21 17:03:00,captured,Netbanking
O-100349,pay_000000349,7500.13,INR,2026-08-27 11:07:00,captured,UPI
O-100350,pay_000000350,4999.47,INR,2026-08-25 19:41:00,captured,UPI
O-100351,pay_000000351,899.25,INR,2026-08-25 16:51:00,captured,Card
O-100352,pay_000000352,7500.06,INR,2026-08-17 18:27:00,captured,Wallet
O-100353,pay_000000353,1250.45,INR,2026-08-18 11:17:00,captured,Netbanking
O-100354,pay_000000354,1999.82,INR,2026-08-19 16:26:00,captured,Wallet
O-100355,pay_000000355,4999.25,INR,2026-08-25 17:15:00,captured,UPI
O-100356,pay_000000356,3499.72,INR,2026-08-23 14:24:00,captured,Netbanking
O-100357,pay_000000357,499.99,INR,2026-08-19 09:51:00,captured,Wallet
O-100358,pay_000000358,1250.12,INR,2026-08-18 19:15:00,captured,Netbanking
O-100359,pay_000000359,4999.45,INR,2026-08-28 11:11:00,captured,Card
O-100360,pay_000000360,3499.72,INR,2026-08-24 11:36:00,captured,Card
O-100361,pay_000000361,1250.62,INR,2026-08-15 10:03:00,captured,Card
O-100362,pay_000000362,499.42,INR,2026-08-24 12:51:00,captured,Card
O-100363,pay_000000363,499.18,INR,2026-08-24 11:49:00,captured,UPI
O-100364,pay_000000364,3499.90,INR,2026-08-25 15:37:00,captured,UPI
O-100365,pay_000000365,7500.83,INR,2026-08-20 11:45:00,captured,Netbanking
O-100366,pay_000000366,4999.39,INR,2026-08-26 13:08:00,captured,Card
O-100367,pay_000000367,3499.78,INR,2026-08-18 19:36:00,captured,UPI
O-100368,pay_000000368,3499.40,INR,2026-08-17 19:56:00,captured,Netbanking
O-100369,pay_000000369,899.44,INR,2026-08-19 10:46:00,captured,UPI
O-100370,pay_000000370,1250.52,INR,2026-08-22 15:22:00,captured,Wallet
O-100371,pay_000000371,7500.09,INR,2026-08-27 09:18:00,captured,UPI
O-100372,pay_000000372,1250.48,INR,2026-08-17 10:35:00,captured,UPI
O-100373,pay_000000373,499.55,INR,2026-08-25 11:38:00,captured,Wallet
O-100374,pay_000000374,1999.52,INR,2026-08-26 17:46:00,captured,Netbanking
O-100375,pay_000000375,499.50,INR,2026-08-24 17:53:00,captured,Wallet
O-100376,pay_000000376,899.37,INR,2026-08-28 19:40:00,captured,Wallet
O-100377,pay_000000377,2000.10,INR,2026-08-22 10:19:00,captured,Wallet
O-100378,pay_000000378,12000.49,INR,2026-08-17 14:56:00,captured,Wallet
O-100379,pay_000000379,7500.59,INR,2026-08-19 12:53:00,captured,Netbanking
O-100380,pay_000000380,899.85,INR,2026-08-20 17:26:00,captured,Card
O-100381,pay_000000381,7500.38,INR,2026-08-16 15:57:00,captured,UPI
O-100382,pay_000000382,899.96,INR,2026-08-22 11:10:00,captured,Card
O-100383,pay_000000383,899.87,INR,2026-08-21 12:52:00,captured,Card
O-100384,pay_000000384,899.49,INR,2026-08-23 15:35:00,captured,Netbanking
O-100385,pay_000000385,12000.53,INR,2026-08-16 15:09:00,captured,Card
O-100386,pay_000000386,899.72,INR,2026-08-27 10:50:00,captured,Netbanking
O-100387,pay_000000387,2000.49,INR,2026-08-25 16:36:00,captured,Wallet
O-100388,pay_000000388,4999.04,INR,2026-08-21 14:44:00,captured,Card
O-100389,pay_000000389,3499.02,INR,2026-08-20 13:19:00,captured,Netbanking
O-100390,pay_000000390,2000.95,INR,2026-08-22 14:17:00,captured,Wallet
O-100391,pay_000000391,1999.52,INR,2026-08-26 16:48:00,captured,Netbanking
O-100392,pay_000000392,899.39,INR,2026-08-26 17:25:00,captured,Card
O-100393,pay_000000393,1999.25,INR,2026-08-28 09:15:00,captured,UPI
O-100394,pay_000000394,2000.47,INR,2026-08-28 16:32:00,captured,Wallet
O-100395,pay_000000395,1999.47,INR,2026-08-22 18:28:00,captured,Card
O-100396,pay_000000396,1250.33,INR,2026-08-26 10:18:00,captured,UPI
O-100397,pay_000000397,4999.65,INR,2026-08-15 19:00:00,captured,Wallet
O-100398,pay_000000398,2000.77,INR,2026-08-27 13:45:00,captured,Wallet
O-100399,pay_000000399,1999.59,INR,2026-08-19 19:33:00,captured,Wallet
O-100400,pay_000000400,2000.87,INR,2026-08-16 16:04:00,captured,Netbanking
O-100401,pay_000000401,2000.83,INR,2026-08-26 19:19:00,captured,Card
O-100402,pay_000000402,4999.84,INR,2026-08-20 19:08:00,captured,UPI
O-100403,pay_000000403,4999.94,INR,2026-08-15 18:45:00,captured,Card
O-100404,pay_000000404,2000.12,INR,2026-08-22 11:47:00,captured,Netbanking
O-100405,pay_000000405,3499.28,INR,2026-08-26 13:26:00,captured,Netbanking
O-100406,pay_000000406,899.60,INR,2026-08-15 19:37:00,captured,UPI
O-100407,pay_000000407,4999.67,INR,2026-08-19 15:03:00,captured,Card
O-100408,pay_000000408,7500.18,INR,2026-08-20 11:49:00,captured,UPI
O-100409,pay_000000409,7500.35,INR,2026-08-18 11:36:00,captured,Card
O-100410,pay_000000410,4999.61,INR,2026-08-21 09:02:00,captured,Card
O-100411,pay_000000411,12000.24,INR,2026-08-15 19:00:00,captured,Card
O-100412,pay_000000412,899.49,INR,2026-08-23 18:19:00,captured,Card
O-100413,pay_000000413,12000.76,INR,2026-08-23 14:27:00,captured,Card
O-100414,pay_000000414,4999.02,INR,2026-08-18 12:46:00,captured,Card
O-100415,pay_000000415,3499.91,INR,2026-08-25 09:24:00,captured,Netbanking
O-100416,pay_000000416,499.84,INR,2026-08-16 19:53:00,captured,UPI
O-100417,pay_000000417,4999.15,INR,2026-08-23 13:30:00,captured,Card
O-100418,pay_000000418,899.84,INR,2026-08-23 13:39:00,captured,Card
O-100419,pay_000000419,2000.14,INR,2026-08-27 10:31:00,captured,Card
O-100420,pay_000000420,3499.90,INR,2026-08-21 13:10:00,captured,UPI
O-100421,pay_000000421,1999.00,INR,2026-08-15 19:05:00,captured,UPI
O-100422,pay_000000422,899.32,INR,2026-08-25 12:29:00,captured,Netbanking
O-100423,pay_000000423,3499.54,INR,2026-08-26 10:06:00,captured,UPI
O-100424,pay_000000424,3499.56,INR,2026-08-24 13:56:00,captured,UPI
O-100425,pay_000000425,4999.51,INR,2026-08-22 13:53:00,captured,Wallet
O-100426,pay_000000426,1250.14,INR,2026-08-17 09:54:00,captured,Card
O-100427,pay_000000427,4999.99,INR,2026-08-20 18:01:00,captured,Card
O-100428,pay_000000428,499.08,INR,2026-08-19 19:20:00,captured,UPI
O-100429,pay_000000429,3499.66,INR,2026-08-23 18:06:00,captured,Wallet
O-100430,pay_000000430,4999.19,INR,2026-08-28 17:57:00,captured,UPI
O-100431,pay_000000431,7500.41,INR,2026-08-18 14:17:00,captured,UPI
O-100432,pay_000000432,4999.30,INR,2026-08-16 16:28:00,captured,Wallet
O-100433,pay_000000433,899.63,INR,2026-08-26 19:01:00,captured,UPI
O-100434,pay_000000434,3499.46,INR,2026-08-28 09:52:00,captured,Card
O-100435,pay_000000435,7500.14,INR,2026-08-16 19:14:00,captured,UPI
O-100436,pay_000000436,1250.63,INR,2026-08-17 15:06:00,captured,Netbanking
O-100437,pay_000000437,1999.58,INR,2026-08-28 12:45:00,captured,Netbanking
O-100438,pay_000000438,7500.84,INR,2026-08-24 17:08:00,captured,Wallet
O-100439,pay_000000439,12000.99,INR,2026-08-17 18:11:00,captured,Card
O-100440,pay_000000440,4999.77,INR,2026-08-26 12:17:00,captured,Wallet
O-100441,pay_000000441,4999.77,INR,2026-08-26 17:19:00,captured,Netbanking
O-100442,pay_000000442,1999.26,INR,2026-08-24 13:43:00,captured,Netbanking
O-100443,pay_000000443,12000.69,INR,2026-08-26 19:20:00,captured,Netbanking
O-100444,pay_000000444,499.66,INR,2026-08-16 09:24:00,captured,Card
O-100445,pay_000000445,1250.36,INR,2026-08-25 13:09:00,captured,UPI
O-100446,pay_000000446,3499.57,INR,2026-08-16 18:55:00,captured,Card
O-100447,pay_000000447,12000.89,INR,2026-08-19 19:03:00,captured,Wallet
O-100448,pay_000000448,2000.25,INR,2026-08-24 16:53:00,captured,Card
O-100449,pay_000000449,1999.37,INR,2026-08-22 11:43:00,captured,Card
O-100450,pay_000000450,499.54,INR,2026-08-19 17:16:00,captured,Card
O-100451,pay_000000451,7500.90,INR,2026-08-17 09:09:00,captured,Netbanking
O-100452,pay_000000452,12000.45,INR,2026-08-16 14:33:00,captured,Card
O-100453,pay_000000453,4999.69,INR,2026-08-23 15:05:00,captured,Netbanking
O-100454,pay_000000454,3499.46,INR,2026-08-19 12:48:00,captured,Wallet
O-100455,pay_000000455,1999.82,INR,2026-08-24 18:15:00,captured,UPI
O-100456,pay_000000456,2000.69,INR,2026-08-26 13:01:00,captured,Netbanking
O-100457,pay_000000457,499.37,INR,2026-08-25 12:20:00,captured,UPI
O-100458,pay_000000458,899.26,INR,2026-08-25 19:49:00,captured,Wallet
O-100459,pay_000000459,899.95,INR,2026-08-25 11:01:00,captured,Wallet
O-100460,pay_000000460,499.22,INR,2026-08-27 13:35:00,captured,UPI
O-100461,pay_000000461,4999.49,INR,2026-08-22 19:25:00,captured,Wallet
O-100462,pay_000000462,12000.00,INR,2026-08-25 18:04:00,captured,UPI
O-100463,pay_000000463,2000.87,INR,2026-08-19 18:05:00,captured,Netbanking
O-100464,pay_000000464,499.60,INR,2026-08-17 17:14:00,captured,Card
O-100465,pay_000000465,2000.86,INR,2026-08-27 19:23:00,captured,UPI
O-100466,pay_000000466,499.00,INR,2026-08-24 18:25:00,captured,UPI
O-100467,pay_000000467,12000.18,INR,2026-08-17 11:14:00,captured,Netbanking
O-100468,pay_000000468,12000.09,INR,2026-08-19 19:04:00,captured,Netbanking
O-100469,pay_000000469,1250.85,INR,2026-08-25 12:06:00,captured,Netbanking
O-100470,pay_000000470,7500.42,INR,2026-08-24 19:19:00,captured,Card
O-100471,pay_000000471,4999.21,INR,2026-08-15 14:15:00,captured,Card
O-100472,pay_000000472,3499.61,INR,2026-08-22 16:22:00,captured,Netbanking
O-100473,pay_000000473,2000.17,INR,2026-08-23 12:16:00,captured,UPI
O-100474,pay_000000474,4999.98,INR,2026-08-24 12:58:00,captured,UPI
O-100475,pay_000000475,1250.46,INR,2026-08-21 12:57:00,captured,Netbanking
O-100476,pay_000000476,4999.46,INR,2026-08-23 09:42:00,captured,Card
O-100477,pay_000000477,12000.17,INR,2026-08-22 11:11:00,captured,Card
O-100478,pay_000000478,499.28,INR,2026-08-27 16:14:00,captured,UPI
O-100479,pay_000000479,1999.66,INR,2026-08-27 14:24:00,captured,Wallet
O-100480,pay_000000480,899.90,INR,2026-08-23 19:53:00,captured,Netbanking
O-100481,pay_000000481,4999.46,INR,2026-08-24 19:57:00,captured,UPI
O-100482,pay_000000482,3499.62,INR,2026-08-27 16:56:00,captured,UPI
O-100483,pay_000000483,1999.09,INR,2026-08-23 19:17:00,captured,Card
O-100484,pay_000000484,3499.92,INR,2026-08-16 16:43:00,captured,Wallet
O-100485,pay_000000485,499.31,INR,2026-08-15 11:36:00,captured,Card
O-100486,pay_000000486,499.21,INR,2026-08-19 11:33:00,captured,Wallet
O-100487,pay_000000487,2000.10,INR,2026-08-18 16:38:00,captured,Wallet
O-100488,pay_000000488,12000.33,INR,2026-08-17 19:21:00,captured,Wallet
O-100489,pay_000000489,4999.16,INR,2026-08-16 09:12:00,captured,Wallet
O-100490,pay_000000490,7500.78,INR,2026-08-24 09:56:00,captured,UPI
O-100491,pay_000000491,499.89,INR,2026-08-23 15:14:00,captured,Wallet
O-100492,pay_000000492,4999.17,INR,2026-08-19 16:49:00,captured,Card
O-100493,pay_000000493,1999.00,INR,2026-08-26 09:36:00,captured,UPI
O-100494,pay_000000494,3499.13,INR,2026-08-17 15:41:00,captured,Netbanking
O-100495,pay_000000495,1999.52,INR,2026-08-23 17:30:00,captured,Card
O-100496,pay_000000496,2000.73,INR,2026-08-20 15:47:00,captured,Card
O-100497,pay_000000497,7500.89,INR,2026-08-17 10:13:00,captured,Wallet
O-100498,pay_000000498,4999.81,INR,2026-08-15 10:52:00,captured,Card
O-100499,pay_000000499,899.33,INR,2026-08-18 14:05:00,captured,UPI
O-100500,pay_000000500,499.99,INR,2026-08-28 11:40:00,captured,Wallet
O-100501,pay_000000501,1999.04,INR,2026-08-27 18:32:00,captured,Card
O-100502,pay_000000502,499.20,INR,2026-08-16 13:49:00,captured,Wallet
O-100503,pay_000000503,899.11,INR,2026-08-23 13:46:00,captured,Netbanking
O-100504,pay_000000504,7500.51,INR,2026-08-24 09:16:00,captured,Card
O-100505,pay_000000505,12000.37,INR,2026-08-20 10:51:00,captured,Netbanking
O-100506,pay_000000506,7500.75,INR,2026-08-28 09:30:00,captured,UPI
O-100507,pay_000000507,1999.40,INR,2026-08-21 14:33:00,captured,UPI
O-100508,pay_000000508,899.51,INR,2026-08-25 14:04:00,captured,Card
O-100509,pay_000000509,1250.95,INR,2026-08-25 12:31:00,captured,Card
O-100510,pay_000000510,1999.29,INR,2026-08-18 12:53:00,captured,Netbanking
O-100511,pay_000000511,7500.78,INR,2026-08-15 17:02:00,captured,Wallet
O-100512,pay_000000512,7500.23,INR,2026-08-27 17:17:00,captured,Wallet
O-100513,pay_000000513,12000.54,INR,2026-08-22 17:02:00,captured,Netbanking
O-100514,pay_000000514,3499.88,INR,2026-08-15 09:43:00,captured,Card
O-100515,pay_000000515,2000.23,INR,2026-08-23 13:15:00,captured,Netbanking
O-100516,pay_000000516,1250.63,INR,2026-08-21 12:26:00,captured,Netbanking
O-100517,pay_000000517,1250.73,INR,2026-08-17 18:43:00,captured,Card
O-100518,pay_000000518,12000.55,INR,2026-08-28 15:12:00,captured,Card
O-100519,pay_000000519,4999.63,INR,2026-08-17 19:33:00,captured,Netbanking
O-100520,pay_000000520,899.88,INR,2026-08-17 09:13:00,captured,Netbanking
O-100521,pay_000000521,3499.46,INR,2026-08-23 17:59:00,captured,Netbanking
O-100522,pay_000000522,1999.73,INR,2026-08-24 19:41:00,captured,Card
O-100523,pay_000000523,12000.62,INR,2026-08-27 16:56:00,captured,Wallet
O-100524,pay_000000524,4999.09,INR,2026-08-16 11:21:00,captured,Card
O-100525,pay_000000525,4999.34,INR,2026-08-22 14:47:00,captured,Wallet
O-100526,pay_000000526,1250.93,INR,2026-08-18 19:16:00,captured,UPI
O-100527,pay_000000527,899.60,INR,2026-08-23 09:01:00,captured,Wallet
O-100528,pay_000000528,1250.10,INR,2026-08-25 15:19:00,captured,Card
O-100529,pay_000000529,12000.21,INR,2026-08-15 09:42:00,captured,Netbanking
O-100530,pay_000000530,7500.69,INR,2026-08-19 17:28:00,captured,Card
O-100531,pay_000000531,4999.67,INR,2026-08-25 19:34:00,captured,Netbanking
O-100532,pay_000000532,899.56,INR,2026-08-19 14:26:00,captured,Card
O-100533,pay_000000533,2000.60,INR,2026-08-23 09:44:00,captured,Wallet
O-100534,pay_000000534,4999.37,INR,2026-08-24 12:50:00,captured,Netbanking
O-100535,pay_000000535,1999.20,INR,2026-08-26 19:24:00,captured,Wallet
O-100536,pay_000000536,2000.83,INR,2026-08-26 17:51:00,captured,Netbanking
O-100537,pay_000000537,2000.14,INR,2026-08-25 16:39:00,captured,Wallet
O-100538,pay_000000538,3499.02,INR,2026-08-17 09:34:00,captured,UPI
O-100539,pay_000000539,1250.91,INR,2026-08-22 09:14:00,captured,UPI
O-100540,pay_000000540,4999.39,INR,2026-08-27 16:23:00,captured,Wallet
O-100541,pay_000000541,1250.07,INR,2026-08-19 15:04:00,captured,Wallet
O-100542,pay_000000542,499.15,INR,2026-08-27 12:24:00,captured,Wallet
O-100543,pay_000000543,899.66,INR,2026-08-25 12:30:00,captured,Wallet
O-100544,pay_000000544,1250.80,INR,2026-08-26 09:47:00,captured,UPI
O-100545,pay_000000545,499.85,INR,2026-08-18 10:15:00,captured,Wallet
O-100546,pay_000000546,899.50,INR,2026-08-27 12:00:00,captured,UPI
O-100547,pay_000000547,899.31,INR,2026-08-17 16:05:00,captured,Netbanking
O-100548,pay_000000548,1250.89,INR,2026-08-23 10:08:00,captured,Card
O-100549,pay_000000549,7500.93,INR,2026-08-18 09:44:00,captured,Wallet
O-100550,pay_000000550,7500.71,INR,2026-08-19 17:44:00,captured,Wallet
O-100551,pay_000000551,3499.93,INR,2026-08-22 13:55:00,captured,Card
O-100552,pay_000000552,2000.69,INR,2026-08-20 16:00:00,captured,Wallet
O-100553,pay_000000553,3499.92,INR,2026-08-16 19:34:00,captured,Wallet
O-100554,pay_000000554,4999.82,INR,2026-08-20 10:06:00,captured,UPI
O-100555,pay_000000555,899.62,INR,2026-08-18 10:02:00,captured,Wallet
O-100556,pay_000000556,499.46,INR,2026-08-18 18:45:00,captured,UPI
O-100557,pay_000000557,899.59,INR,2026-08-27 19:03:00,captured,Netbanking
O-100558,pay_000000558,499.78,INR,2026-08-19 17:02:00,captured,UPI
O-100559,pay_000000559,12000.12,INR,2026-08-16 12:34:00,captured,Wallet
O-100560,pay_000000560,1250.71,INR,2026-08-26 17:26:00,captured,UPI
O-100561,pay_000000561,899.21,INR,2026-08-27 11:35:00,captured,Wallet
O-100562,pay_000000562,3499.40,INR,2026-08-23 14:54:00,captured,Netbanking
O-100563,pay_000000563,4999.98,INR,2026-08-23 13:23:00,captured,Wallet
O-100564,pay_000000564,499.36,INR,2026-08-24 09:33:00,captured,Card
O-100565,pay_000000565,1999.27,INR,2026-08-28 14:01:00,captured,Netbanking
O-100566,pay_000000566,499.58,INR,2026-08-20 11:08:00,captured,Netbanking
O-100567,pay_000000567,2000.11,INR,2026-08-24 15:36:00,captured,Card
O-100568,pay_000000568,1250.62,INR,2026-08-28 18:52:00,captured,UPI
O-100569,pay_000000569,4999.10,INR,2026-08-27 09:58:00,captured,Netbanking
O-100570,pay_000000570,1999.95,INR,2026-08-25 18:59:00,captured,UPI
O-100571,pay_000000571,12000.05,INR,2026-08-20 17:36:00,captured,Card
O-100572,pay_000000572,4999.57,INR,2026-08-27 18:36:00,captured,UPI
O-100573,pay_000000573,1250.16,INR,2026-08-20 10:30:00,captured,UPI
O-100574,pay_000000574,12000.55,INR,2026-08-27 11:48:00,captured,Card
O-100575,pay_000000575,1999.71,INR,2026-08-24 17:15:00,captured,Card
O-100576,pay_000000576,4999.54,INR,2026-08-20 14:12:00,captured,Netbanking
O-100577,pay_000000577,1250.44,INR,2026-08-24 16:39:00,captured,Card
O-100578,pay_000000578,899.14,INR,2026-08-26 09:15:00,captured,Card
O-100579,pay_000000579,899.39,INR,2026-08-22 16:01:00,captured,Netbanking
O-100580,pay_000000580,12000.66,INR,2026-08-27 13:35:00,captured,Wallet
O-100581,pay_000000581,4999.74,INR,2026-08-25 17:02:00,captured,Netbanking
O-100582,pay_000000582,7500.83,INR,2026-08-15 10:24:00,captured,Netbanking
O-100583,pay_000000583,499.37,INR,2026-08-28 19:24:00,captured,Card
O-100584,pay_000000584,12000.11,INR,2026-08-17 12:32:00,captured,UPI
O-100585,pay_000000585,7500.50,INR,2026-08-26 11:01:00,captured,Netbanking
O-100586,pay_000000586,1999.64,INR,2026-08-19 09:40:00,captured,Netbanking
O-100587,pay_000000587,1999.19,INR,2026-08-20 15:42:00,captured,Card
O-100588,pay_000000588,4999.30,INR,2026-08-24 11:27:00,captured,Netbanking
O-100589,pay_000000589,1250.74,INR,2026-08-23 19:51:00,captured,Card
O-100590,pay_000000590,4999.98,INR,2026-08-17 19:59:00,captured,Card
O-100591,pay_000000591,1250.40,INR,2026-08-28 11:46:00,captured,UPI
O-100592,pay_000000592,2000.56,INR,2026-08-26 19:59:00,captured,Netbanking
O-100593,pay_000000593,1250.03,INR,2026-08-27 18:39:00,captured,Netbanking
O-100594,pay_000000594,499.45,INR,2026-08-16 16:08:00,captured,Wallet
O-100595,pay_000000595,7500.17,INR,2026-08-17 12:14:00,captured,UPI
O-100596,pay_000000596,4999.28,INR,2026-08-26 19:12:00,captured,Card
O-100597,pay_000000597,4999.99,INR,2026-08-15 18:47:00,captured,Wallet
O-100598,pay_000000598,12000.13,INR,2026-08-22 16:52:00,captured,UPI
O-100599,pay_000000599,12000.49,INR,2026-08-23 19:03:00,captured,Card
O-100600,pay_000000600,2000.59,INR,2026-08-17 15:18:00,captured,UPI
O-100601,pay_000000601,899.92,INR,2026-08-23 10:11:00,captured,Card
O-100602,pay_000000602,1250.58,INR,2026-08-24 12:56:00,captured,Wallet
O-100603,pay_000000603,899.11,INR,2026-08-16 16:40:00,captured,Netbanking
O-100604,pay_000000604,12000.48,INR,2026-08-15 11:58:00,captured,Netbanking
O-100605,pay_000000605,499.53,INR,2026-08-19 13:46:00,captured,Wallet
O-100606,pay_000000606,2000.01,INR,2026-08-22 16:54:00,captured,Wallet
O-100607,pay_000000607,1999.75,INR,2026-08-25 16:29:00,captured,Wallet
O-100608,pay_000000608,1999.70,INR,2026-08-19 18:40:00,captured,Card
O-100609,pay_000000609,3499.04,INR,2026-08-17 09:42:00,captured,Netbanking
O-100610,pay_000000610,4999.22,INR,2026-08-17 19:18:00,captured,Card
O-100611,pay_000000611,2000.41,INR,2026-08-20 15:52:00,captured,UPI
O-100612,pay_000000612,7500.17,INR,2026-08-16 13:21:00,captured,Wallet
O-100613,pay_000000613,899.73,INR,2026-08-26 19:33:00,captured,UPI
O-100614,pay_000000614,3499.33,INR,2026-08-23 18:39:00,captured,Netbanking
O-100615,pay_000000615,12000.93,INR,2026-08-25 16:31:00,captured,Card
O-100616,pay_000000616,499.59,INR,2026-08-25 10:47:00,captured,Card
O-100617,pay_000000617,3499.44,INR,2026-08-23 19:13:00,captured,UPI
O-100618,pay_000000618,2000.64,INR,2026-08-23 14:49:00,captured,UPI
O-100619,pay_000000619,499.22,INR,2026-08-18 14:53:00,captured,Netbanking
O-100620,pay_000000620,499.82,INR,2026-08-17 16:09:00,captured,Netbanking
O-100621,pay_000000621,3499.71,INR,2026-08-23 09:13:00,captured,Netbanking
O-100622,pay_000000622,499.43,INR,2026-08-21 19:34:00,captured,Card
O-100623,pay_000000623,499.34,INR,2026-08-21 10:31:00,captured,Card
O-100624,pay_000000624,899.47,INR,2026-08-27 09:49:00,captured,Card
O-100625,pay_000000625,7500.64,INR,2026-08-17 12:21:00,captured,Netbanking
O-100626,pay_000000626,1999.92,INR,2026-08-15 16:24:00,captured,UPI
O-100627,pay_000000627,7500.05,INR,2026-08-16 17:49:00,captured,Netbanking
O-100628,pay_000000628,1999.24,INR,2026-08-19 13:34:00,captured,Netbanking
O-100629,pay_000000629,1250.35,INR,2026-08-16 09:39:00,captured,UPI
O-100630,pay_000000630,2000.18,INR,2026-08-26 13:36:00,captured,Card
O-100631,pay_000000631,1250.03,INR,2026-08-22 19:03:00,captured,UPI
O-100632,pay_000000632,1250.90,INR,2026-08-24 18:40:00,captured,Wallet
O-100633,pay_000000633,1250.11,INR,2026-08-28 16:06:00,captured,Wallet
O-100634,pay_000000634,1999.18,INR,2026-08-28 18:16:00,captured,Netbanking
O-100635,pay_000000635,7500.62,INR,2026-08-15 10:30:00,captured,UPI
O-100636,pay_000000636,2000.98,INR,2026-08-20 18:36:00,captured,Card
O-100637,pay_000000637,3499.71,INR,2026-08-25 10:50:00,captured,Netbanking
O-100638,pay_000000638,1999.79,INR,2026-08-18 17:10:00,captured,Wallet
O-100639,pay_000000639,3499.69,INR,2026-08-26 12:11:00,captured,UPI
O-100640,pay_000000640,899.75,INR,2026-08-24 16:20:00,captured,UPI
O-100641,pay_000000641,899.87,INR,2026-08-28 18:49:00,captured,Wallet
O-100642,pay_000000642,1250.74,INR,2026-08-27 19:51:00,captured,UPI
O-100643,pay_000000643,7500.25,INR,2026-08-18 19:56:00,captured,Netbanking
O-100644,pay_000000644,3499.11,INR,2026-08-24 09:39:00,captured,Wallet
O-100645,pay_000000645,12000.06,INR,2026-08-15 17:52:00,captured,Netbanking
O-100646,pay_000000646,1999.55,INR,2026-08-26 18:25:00,captured,Netbanking
O-100647,pay_000000647,12000.27,INR,2026-08-25 11:30:00,captured,Card
O-100648,pay_000000648,2000.85,INR,2026-08-17 11:00:00,captured,UPI
O-100649,pay_000000649,899.17,INR,2026-08-25 15:55:00,captured,Wallet
O-100650,pay_000000650,1250.58,INR,2026-08-23 15:35:00,captured,Wallet
O-100651,pay_000000651,499.73,INR,2026-08-22 12:45:00,captured,Netbanking
O-100652,pay_000000652,499.04,INR,2026-08-24 16:45:00,captured,Netbanking
O-100653,pay_000000653,12000.96,INR,2026-08-27 13:29:00,captured,UPI
O-100654,pay_000000654,"₹7,500.80",INR,2026-08-26 19:42:00,captured,UPI
O-100655,pay_000000655,7500.58,INR,2026-08-23 16:36:00,captured,Netbanking
O-100656,pay_000000656,499.88,INR,2026-08-24 13:46:00,captured,Netbanking
O-100657,pay_000000657,499.84,INR,2026-08-19 18:01:00,captured,Netbanking
O-100658,pay_000000658,2000.32,INR,2026-08-17 18:17:00,captured,Netbanking
O-100659,pay_000000659,1250.75,INR,2026-08-26 11:42:00,captured,Wallet
O-100660,pay_000000660,7500.23,INR,2026-08-27 17:55:00,captured,UPI
O-100661,pay_000000661,1250.63,INR,2026-08-27 15:49:00,captured,Wallet
O-100662,pay_000000662,3499.06,INR,2026-08-25 13:48:00,captured,UPI
O-100663,pay_000000663,2000.60,INR,2026-08-26 17:14:00,captured,Wallet
O-100664,pay_000000664,1250.67,INR,2026-08-28 15:00:00,captured,Netbanking
O-100665,pay_000000665,899.68,INR,2026-08-25 14:54:00,captured,Netbanking
O-100666,pay_000000666,2000.83,INR,2026-08-24 15:29:00,captured,Card
O-100667,pay_000000667,12000.43,INR,2026-08-25 11:20:00,captured,UPI
O-100668,pay_000000668,899.67,INR,2026-08-16 19:28:00,captured,Netbanking
O-100669,pay_000000669,499.03,INR,2026-08-24 10:03:00,captured,Card
O-100670,pay_000000670,1250.48,INR,2026-08-25 19:36:00,captured,UPI
O-100671,pay_000000671,899.81,INR,2026-08-22 13:49:00,captured,Wallet
O-100672,pay_000000672,899.35,INR,2026-08-27 09:24:00,captured,Wallet
O-100673,pay_000000673,1250.56,INR,2026-08-16 16:59:00,captured,Card
O-100674,pay_000000674,899.18,INR,2026-08-23 15:13:00,captured,UPI
O-100675,pay_000000675,899.09,INR,2026-08-24 13:49:00,captured,UPI
O-100676,pay_000000676,4999.34,INR,2026-08-17 14:57:00,captured,Wallet
O-100677,pay_000000677,7500.55,INR,2026-08-21 10:34:00,captured,Card
O-100678,pay_000000678,3499.87,INR,2026-08-19 15:03:00,captured,UPI
O-100679,pay_000000679,1999.22,INR,2026-08-23 09:24:00,captured,Card
O-100680,pay_000000680,3499.62,INR,2026-08-16 19:28:00,captured,Card
O-100681,pay_000000681,1999.62,INR,2026-08-21 10:50:00,captured,Netbanking
O-100682,pay_000000682,3499.07,INR,2026-08-20 09:25:00,captured,UPI
O-100683,pay_000000683,899.04,INR,2026-08-26 11:31:00,captured,UPI
O-100684,pay_000000684,1250.01,INR,2026-08-17 19:03:00,captured,Netbanking
O-100685,pay_000000685,899.14,INR,2026-08-22 18:51:00,captured,Card
O-100686,pay_000000686,4999.41,INR,2026-08-16 19:36:00,captured,Card
O-100687,pay_000000687,1250.42,INR,2026-08-16 10:17:00,captured,Card
O-100688,pay_000000688,12000.21,INR,2026-08-22 12:59:00,captured,UPI
O-100689,pay_000000689,7500.10,INR,2026-08-15 09:11:00,captured,UPI
O-100690,pay_000000690,4999.88,INR,2026-08-27 16:44:00,captured,Card
O-100691,pay_000000691,4999.30,INR,2026-08-17 18:44:00,captured,UPI
O-100692,pay_000000692,2000.44,INR,2026-08-21 09:35:00,captured,Card
O-100693,pay_000000693,3499.97,INR,2026-08-23 17:14:00,captured,Wallet
O-100694,pay_000000694,1999.14,INR,2026-08-27 11:43:00,captured,Wallet
O-100695,pay_000000695,3499.36,INR,2026-08-18 15:16:00,captured,Netbanking
O-100696,pay_000000696,499.68,INR,2026-08-17 11:50:00,captured,UPI
O-100697,pay_000000697,4999.25,INR,2026-08-26 19:57:00,captured,Netbanking
O-100698,pay_000000698,899.30,INR,2026-08-26 15:55:00,captured,Card
O-100699,pay_000000699,7500.06,INR,2026-08-21 11:13:00,captured,Wallet
O-100700,pay_000000700,1999.80,INR,2026-08-20 13:12:00,captured,Netbanking
O-100701,pay_000000701,1250.14,INR,2026-08-28 16:29:00,captured,Wallet
O-100702,pay_000000702,12000.29,INR,2026-08-16 15:54:00,captured,Wallet
O-100703,pay_000000703,7500.35,INR,2026-08-15 15:47:00,captured,Card
O-100704,pay_000000704,1250.73,INR,2026-08-15 15:02:00,captured,UPI
O-100705,pay_000000705,12000.50,INR,2026-08-22 10:28:00,captured,Wallet
O-100706,pay_000000706,4999.27,INR,2026-08-17 14:18:00,captured,Card
O-100707,pay_000000707,2000.20,INR,2026-08-26 16:54:00,captured,UPI
O-100708,pay_000000708,4999.23,INR,2026-08-27 14:40:00,captured,UPI
O-100709,pay_000000709,12000.04,INR,2026-08-19 15:48:00,captured,Netbanking
O-100710,pay_000000710,899.79,INR,2026-08-20 09:32:00,captured,Netbanking
O-100711,pay_000000711,7500.79,INR,2026-08-15 14:23:00,captured,Card
O-100712,pay_000000712,1250.42,INR,2026-08-18 17:07:00,captured,Wallet
O-100713,pay_000000713,1999.41,INR,2026-08-20 13:32:00,captured,Wallet
O-100714,pay_000000714,7500.62,INR,2026-08-23 17:53:00,captured,UPI
O-100715,pay_000000715,3499.86,INR,2026-08-26 10:12:00,captured,Wallet
O-100716,pay_000000716,2000.09,INR,2026-08-16 11:17:00,captured,UPI
O-100717,pay_000000717,4999.87,INR,2026-08-23 11:30:00,captured,Netbanking
O-100718,pay_000000718,899.02,INR,2026-08-28 12:53:00,captured,Netbanking
O-100719,pay_000000719,7500.75,INR,2026-08-25 17:53:00,captured,Wallet
O-100720,pay_000000720,1250.33,INR,2026-08-18 16:23:00,captured,Netbanking
O-100721,pay_000000721,2000.58,INR,2026-08-17 18:59:00,captured,Card
O-100722,pay_000000722,1250.30,INR,2026-08-16 09:20:00,captured,Card
O-100723,pay_000000723,12000.90,INR,2026-08-15 19:20:00,captured,Netbanking
O-100724,pay_000000724,499.51,INR,2026-08-22 11:29:00,captured,Netbanking
O-100725,pay_000000725,7500.37,INR,2026-08-27 18:42:00,captured,Card
O-100726,pay_000000726,12000.14,INR,2026-08-19 09:25:00,captured,Card
O-100727,pay_000000727,1999.74,INR,2026-08-23 12:50:00,captured,Netbanking
O-100728,pay_000000728,1999.62,INR,2026-08-20 18:38:00,captured,UPI
O-100729,pay_000000729,4999.47,INR,2026-08-21 14:00:00,captured,Netbanking
O-100730,pay_000000730,7500.94,INR,2026-08-21 16:18:00,captured,Card
O-100731,pay_000000731,899.18,INR,2026-08-18 13:30:00,captured,Netbanking
O-100732,pay_000000732,899.00,INR,2026-08-21 19:58:00,captured,Netbanking
O-100733,pay_000000733,1999.23,INR,2026-08-28 15:18:00,captured,Wallet
O-100734,pay_000000734,12000.94,INR,2026-08-22 12:01:00,captured,UPI
O-100735,pay_000000735,2000.53,INR,2026-08-17 16:58:00,captured,Card
O-100736,pay_000000736,3499.74,INR,2026-08-22 18:27:00,captured,Netbanking
O-100737,pay_000000737,3499.65,INR,2026-08-26 18:01:00,captured,Netbanking
O-100738,pay_000000738,7500.88,INR,2026-08-17 14:10:00,captured,UPI
O-100739,pay_000000739,499.37,INR,2026-08-19 17:40:00,captured,UPI
O-100740,pay_000000740,1250.69,INR,2026-08-20 14:52:00,captured,Netbanking
O-100741,pay_000000741,1250.01,INR,2026-08-17 17:18:00,captured,Netbanking
O-100742,pay_000000742,899.27,INR,2026-08-17 17:14:00,captured,Card
O-100743,pay_000000743,7500.09,INR,2026-08-16 11:59:00,captured,UPI
O-100744,pay_000000744,1250.56,INR,2026-08-24 17:48:00,captured,Netbanking
O-100745,pay_000000745,899.28,INR,2026-08-17 11:44:00,captured,Card
O-100746,pay_000000746,899.09,INR,2026-08-15 16:48:00,captured,Wallet
O-100747,pay_000000747,7500.15,INR,2026-08-19 09:04:00,captured,Netbanking
O-100748,pay_000000748,1999.75,INR,2026-08-18 11:42:00,captured,Netbanking
O-100749,pay_000000749,3499.45,INR,2026-08-17 17:49:00,captured,Card
O-100750,pay_000000750,1999.91,INR,2026-08-18 13:10:00,captured,UPI
O-100751,pay_000000751,12000.90,INR,2026-08-22 14:44:00,captured,Card
O-100752,pay_000000752,1999.65,INR,2026-08-18 15:07:00,captured,Netbanking
O-100753,pay_000000753,7500.97,INR,2026-08-20 13:35:00,captured,UPI
O-100754,pay_000000754,2000.58,INR,2026-08-24 13:43:00,captured,Wallet
O-100755,pay_000000755,1999.08,INR,2026-08-28 16:43:00,captured,Netbanking
O-100756,pay_000000756,4999.56,INR,2026-08-23 19:43:00,captured,UPI
O-100757,pay_000000757,899.46,INR,2026-08-18 14:12:00,captured,Wallet
O-100758,pay_000000758,2000.97,INR,2026-08-26 18:37:00,captured,Netbanking
O-100759,pay_000000759,"₹4,999.62",INR,2026-08-23 13:09:00,captured,Wallet
O-100760,pay_000000760,1999.80,INR,2026-08-17 09:06:00,captured,UPI
O-100761,pay_000000761,1250.48,INR,2026-08-24 19:20:00,captured,Card
O-100762,pay_000000762,12000.98,INR,2026-08-22 16:12:00,captured,Netbanking
O-100763,pay_000000763,12000.43,INR,2026-08-27 17:34:00,captured,UPI
O-100764,pay_000000764,899.49,INR,2026-08-22 14:54:00,captured,Wallet
O-100765,pay_000000765,1250.62,INR,2026-08-21 11:19:00,captured,Wallet
O-100766,pay_000000766,12000.20,INR,2026-08-23 09:25:00,captured,Netbanking
O-100767,pay_000000767,3499.07,INR,2026-08-15 18:02:00,captured,Card
O-100768,pay_000000768,3499.48,INR,2026-08-16 15:22:00,captured,Netbanking
O-100769,pay_000000769,1999.30,INR,2026-08-25 13:37:00,captured,UPI
O-100770,pay_000000770,899.43,INR,2026-08-17 09:34:00,captured,UPI
O-100771,pay_000000771,2000.02,INR,2026-08-26 16:37:00,captured,UPI
O-100772,pay_000000772,3499.73,INR,2026-08-16 16:06:00,captured,Card
O-100773,pay_000000773,1250.78,INR,2026-08-19 14:27:00,captured,Card
O-100774,pay_000000774,2000.33,INR,2026-08-15 13:36:00,captured,Wallet
O-100775,pay_000000775,899.75,INR,2026-08-20 13:04:00,captured,Wallet
O-100776,pay_000000776,2000.64,INR,2026-08-27 13:27:00,captured,Netbanking
O-100777,pay_000000777,12000.23,INR,2026-08-15 19:45:00,captured,Card
O-100778,pay_000000778,2000.81,INR,2026-08-23 18:54:00,captured,Wallet
O-100779,pay_000000779,3499.59,INR,2026-08-17 12:09:00,captured,Netbanking
O-100780,pay_000000780,1999.52,INR,2026-08-19 13:41:00,captured,Card
O-100781,pay_000000781,1999.14,INR,2026-08-17 12:01:00,captured,Card
O-100782,pay_000000782,12000.55,INR,2026-08-21 19:57:00,captured,UPI
O-100783,pay_000000783,2000.35,INR,2026-08-25 17:11:00,captured,UPI
O-100784,pay_000000784,499.10,INR,2026-08-20 18:19:00,captured,UPI
O-100785,pay_000000785,899.50,INR,2026-08-28 11:15:00,captured,UPI
O-100786,pay_000000786,899.30,INR,2026-08-24 10:49:00,captured,Netbanking
O-100787,pay_000000787,1999.54,INR,2026-08-18 11:06:00,captured,Card
O-100788,pay_000000788,2000.75,INR,2026-08-15 16:34:00,captured,Netbanking
O-100789,pay_000000789,1999.35,INR,2026-08-27 11:23:00,captured,Wallet
O-100790,pay_000000790,499.94,INR,2026-08-25 09:44:00,captured,Card
O-100791,pay_000000791,7500.49,INR,2026-08-15 15:59:00,captured,Netbanking
O-100792,pay_000000792,1250.56,INR,2026-08-25 14:56:00,captured,Wallet
O-100793,pay_000000793,7500.60,INR,2026-08-26 15:59:00,captured,Netbanking
O-100794,pay_000000794,2000.64,INR,2026-08-16 14:26:00,captured,Netbanking
O-100795,pay_000000795,1250.80,INR,2026-08-22 19:08:00,captured,UPI
O-100796,pay_000000796,1250.31,INR,2026-08-23 19:48:00,captured,Card
O-100797,pay_000000797,7500.94,INR,2026-08-17 13:11:00,captured,Netbanking
O-100798,pay_000000798,3499.23,INR,2026-08-21 15:53:00,captured,Card
O-100799,pay_000000799,899.59,INR,2026-08-18 13:44:00,captured,Card
O-100800,pay_000000800,899.47,INR,2026-08-17 18:07:00,captured,UPI
O-100801,pay_000000801,7500.15,INR,2026-08-18 12:12:00,captured,Netbanking
O-100802,pay_000000802,4999.26,INR,2026-08-24 12:52:00,captured,Netbanking
O-100803,pay_000000803,4999.18,INR,2026-08-15 13:16:00,captured,Card
O-100804,pay_000000804,499.60,INR,2026-08-17 14:44:00,captured,Wallet
O-100805,pay_000000805,2000.09,INR,2026-08-16 17:03:00,captured,UPI
O-100806,pay_000000806,499.32,INR,2026-08-23 18:24:00,captured,Netbanking
O-100807,pay_000000807,1250.33,INR,2026-08-17 17:31:00,captured,Netbanking
O-100808,pay_000000808,12000.55,INR,2026-08-17 13:07:00,captured,Netbanking
O-100809,pay_000000809,2000.78,INR,2026-08-28 13:33:00,captured,Netbanking
O-100810,pay_000000810,1250.71,INR,2026-08-28 19:40:00,captured,Wallet
O-100811,pay_000000811,1250.04,INR,2026-08-22 13:10:00,captured,Wallet
O-100812,pay_000000812,3499.90,INR,2026-08-23 16:29:00,captured,Wallet
O-100813,pay_000000813,899.26,INR,2026-08-28 13:11:00,captured,Card
O-100814,pay_000000814,1250.53,INR,2026-08-16 12:49:00,captured,Wallet
O-100815,pay_000000815,899.50,INR,2026-08-20 18:59:00,captured,UPI
O-100816,pay_000000816,7500.90,INR,2026-08-25 16:29:00,captured,Netbanking
O-100817,pay_000000817,7500.41,INR,2026-08-26 18:08:00,captured,Card
O-100818,pay_000000818,899.70,INR,2026-08-24 15:05:00,captured,Wallet
O-100819,pay_000000819,899.02,INR,2026-08-28 12:10:00,captured,Wallet
O-100820,pay_000000820,2000.62,INR,2026-08-27 15:47:00,captured,Netbanking
O-100821,pay_000000821,899.47,INR,2026-08-23 12:31:00,captured,Wallet
O-100822,pay_000000822,899.96,INR,2026-08-21 14:39:00,captured,Card
O-100823,pay_000000823,12000.43,INR,2026-08-22 19:14:00,captured,Card
O-100824,pay_000000824,2000.59,INR,2026-08-21 10:58:00,captured,Netbanking
O-100825,pay_000000825,499.70,INR,2026-08-16 09:32:00,captured,UPI
O-100826,pay_000000826,2000.45,INR,2026-08-19 18:05:00,captured,UPI
O-100827,pay_000000827,899.53,INR,2026-08-26 13:20:00,captured,Wallet
O-100828,pay_000000828,1250.27,INR,2026-08-17 10:47:00,captured,Netbanking
O-100829,pay_000000829,4999.14,INR,2026-08-15 11:41:00,captured,Wallet
O-100830,pay_000000830,3499.88,INR,2026-08-25 19:25:00,captured,Netbanking
O-100831,pay_000000831,899.02,INR,2026-08-26 12:54:00,captured,UPI
O-100832,pay_000000832,4999.80,INR,2026-08-28 17:12:00,captured,UPI
O-100833,pay_000000833,4999.02,INR,2026-08-16 11:57:00,captured,Card
O-100834,pay_000000834,7500.02,INR,2026-08-28 16:37:00,captured,Card
O-100835,pay_000000835,3499.01,INR,2026-08-16 19:54:00,captured,Wallet
O-100836,pay_000000836,7500.51,INR,2026-08-22 17:37:00,captured,Wallet
O-100837,pay_000000837,4999.73,INR,2026-08-20 17:04:00,captured,Netbanking
O-100838,pay_000000838,899.63,INR,2026-08-24 19:22:00,captured,Wallet
O-100839,pay_000000839,1999.60,INR,2026-08-20 16:14:00,captured,Card
O-100840,pay_000000840,2000.92,INR,2026-08-26 15:26:00,captured,Netbanking
O-100841,pay_000000841,2000.88,INR,2026-08-26 10:42:00,captured,Wallet
O-100842,pay_000000842,4999.63,INR,2026-08-19 12:13:00,captured,UPI
O-100843,pay_000000843,3499.86,INR,2026-08-17 11:52:00,captured,UPI
O-100844,pay_000000844,1999.15,INR,2026-08-23 12:31:00,captured,Netbanking
O-100845,pay_000000845,12000.34,INR,2026-08-17 17:38:00,captured,UPI
O-100846,pay_000000846,899.13,INR,2026-08-27 18:39:00,captured,UPI
O-100847,pay_000000847,1250.80,INR,2026-08-16 12:58:00,captured,Netbanking
O-100848,pay_000000848,12000.63,INR,2026-08-26 10:09:00,captured,Netbanking
O-100849,pay_000000849,4999.98,INR,2026-08-27 09:15:00,captured,Wallet
O-100850,pay_000000850,2000.47,INR,2026-08-26 15:23:00,captured,Card
O-100851,pay_000000851,4999.52,INR,2026-08-21 16:54:00,captured,Netbanking
O-100852,pay_000000852,12000.08,INR,2026-08-16 14:20:00,captured,Card
O-100853,pay_000000853,1250.73,INR,2026-08-15 19:45:00,captured,Netbanking
O-100854,pay_000000854,3499.44,INR,2026-08-15 13:57:00,captured,Card
O-100855,pay_000000855,12000.79,INR,2026-08-27 18:41:00,captured,Wallet
O-100856,pay_000000856,2000.10,INR,2026-08-15 17:21:00,captured,Wallet
O-100857,pay_000000857,1999.11,INR,2026-08-23 17:19:00,captured,Netbanking
O-100858,pay_000000858,12000.75,INR,2026-08-19 12:53:00,captured,Netbanking
O-100859,pay_000000859,12000.45,INR,2026-08-16 09:48:00,captured,UPI
O-100860,pay_000000860,7500.43,INR,2026-08-18 18:36:00,captured,Card
O-100861,pay_000000861,899.41,INR,2026-08-23 18:12:00,captured,Netbanking
O-100862,pay_000000862,4999.10,INR,2026-08-16 09:27:00,captured,Card
O-100863,pay_000000863,12000.51,INR,2026-08-24 17:33:00,captured,Wallet
O-100864,pay_000000864,1250.18,INR,2026-08-23 11:31:00,captured,Wallet
O-100865,pay_000000865,7500.04,INR,2026-08-26 11:35:00,captured,Netbanking
O-100866,pay_000000866,899.47,INR,2026-08-24 13:02:00,captured,UPI
O-100867,pay_000000867,7500.03,INR,2026-08-27 11:09:00,captured,Wallet
O-100868,pay_000000868,1999.23,INR,2026-08-28 16:00:00,captured,UPI
O-100869,pay_000000869,4999.61,INR,2026-08-24 13:36:00,captured,Wallet
O-100870,pay_000000870,1250.64,INR,2026-08-25 16:48:00,captured,Wallet
O-100871,pay_000000871,4999.29,INR,2026-08-21 14:34:00,captured,UPI
O-100872,pay_000000872,899.21,INR,2026-08-26 09:36:00,captured,Netbanking
O-100873,pay_000000873,12000.73,INR,2026-08-27 09:36:00,captured,Card
O-100874,pay_000000874,899.84,INR,2026-08-23 11:01:00,captured,Netbanking
O-100875,pay_000000875,899.68,INR,2026-08-24 14:25:00,captured,UPI
O-100876,pay_000000876,1250.53,INR,2026-08-15 17:20:00,captured,Wallet
O-100877,pay_000000877,12000.21,INR,2026-08-19 11:11:00,captured,Netbanking
O-100878,pay_000000878,3499.23,INR,2026-08-15 09:19:00,captured,Wallet
O-100879,pay_000000879,4999.15,INR,2026-08-15 12:15:00,captured,Card
O-100880,pay_000000880,499.40,INR,2026-08-22 17:26:00,captured,UPI
O-100881,pay_000000881,499.34,INR,2026-08-23 18:43:00,captured,UPI
O-100882,pay_000000882,4999.57,INR,2026-08-16 19:32:00,captured,Card
O-100883,pay_000000883,1999.68,INR,2026-08-21 17:28:00,captured,UPI
O-100884,pay_000000884,1250.00,INR,2026-08-15 16:17:00,captured,Netbanking
O-100885,pay_000000885,1999.74,INR,2026-08-28 17:18:00,captured,UPI
O-100886,pay_000000886,2000.11,INR,2026-08-21 10:53:00,captured,Card
O-100887,pay_000000887,1999.78,INR,2026-08-23 14:56:00,captured,Netbanking
O-100888,pay_000000888,3499.43,INR,2026-08-18 16:38:00,captured,Netbanking
O-100889,pay_000000889,7500.00,INR,2026-08-15 19:11:00,captured,Wallet
O-100890,pay_000000890,12000.10,INR,2026-08-27 19:41:00,captured,UPI
O-100891,pay_000000891,3499.48,INR,2026-08-28 18:22:00,captured,Wallet
O-100892,pay_000000892,3499.24,INR,2026-08-22 09:14:00,captured,UPI
O-100893,pay_000000893,2000.91,INR,2026-08-18 12:31:00,captured,Netbanking
O-100894,pay_000000894,1999.81,INR,2026-08-21 10:55:00,captured,Netbanking
O-100895,pay_000000895,1250.95,INR,2026-08-16 11:16:00,captured,Card
O-100896,pay_000000896,12000.78,INR,2026-08-19 19:35:00,captured,Wallet
O-100897,pay_000000897,4999.52,INR,2026-08-19 10:43:00,captured,Wallet
O-100898,pay_000000898,1999.06,INR,2026-08-19 15:34:00,captured,Wallet
O-100899,pay_000000899,899.73,INR,2026-08-27 09:47:00,captured,Card
O-100900,pay_000000900,1999.25,INR,2026-08-17 14:19:00,captured,UPI
O-100901,pay_000000901,3499.32,INR,2026-08-18 10:30:00,captured,Card
O-100902,pay_000000902,12000.30,INR,2026-08-16 18:39:00,captured,Wallet
O-100903,pay_000000903,899.07,INR,2026-08-15 15:20:00,captured,UPI
O-100904,pay_000000904,2000.78,INR,2026-08-25 15:04:00,captured,UPI
O-100905,pay_000000905,4999.51,INR,2026-08-16 18:48:00,captured,Wallet
O-100906,pay_000000906,7500.49,INR,2026-08-22 15:56:00,captured,UPI
O-100907,pay_000000907,899.01,INR,2026-08-24 10:37:00,captured,Card
O-100908,pay_000000908,4999.61,INR,2026-08-26 18:28:00,captured,Card
O-100909,pay_000000909,2000.74,INR,2026-08-21 17:41:00,captured,Netbanking
O-100910,pay_000000910,1250.60,INR,2026-08-19 18:21:00,captured,Netbanking
O-100911,pay_000000911,1999.64,INR,2026-08-28 17:54:00,captured,UPI
O-100912,pay_000000912,1999.08,INR,2026-08-20 12:42:00,captured,Wallet
O-100913,pay_000000913,2000.53,INR,2026-08-20 11:06:00,captured,Wallet
O-100914,pay_000000914,499.81,INR,2026-08-18 12:29:00,captured,Card
O-100915,pay_000000915,4999.23,INR,2026-08-28 09:23:00,captured,UPI
O-100916,pay_000000916,1250.37,INR,2026-08-22 12:40:00,captured,Netbanking
O-100917,pay_000000917,2000.22,INR,2026-08-18 13:46:00,captured,Card
O-100918,pay_000000918,1999.02,INR,2026-08-17 13:58:00,captured,UPI
O-100919,pay_000000919,1999.39,INR,2026-08-22 12:23:00,captured,Netbanking
O-100920,pay_000000920,899.15,INR,2026-08-17 11:50:00,captured,Card
O-100921,pay_000000921,3499.76,INR,2026-08-21 19:15:00,captured,UPI
O-100922,pay_000000922,1250.41,INR,2026-08-18 09:40:00,captured,Netbanking
O-100923,pay_000000923,1999.93,INR,2026-08-16 16:50:00,captured,UPI
O-100924,pay_000000924,7500.66,INR,2026-08-22 11:20:00,captured,Netbanking
O-100925,pay_000000925,2000.74,INR,2026-08-21 19:58:00,captured,UPI
O-100926,pay_000000926,1999.39,INR,2026-08-21 15:36:00,captured,Card
O-100927,pay_000000927,899.37,INR,2026-08-22 17:22:00,captured,UPI
O-100928,pay_000000928,7500.59,INR,2026-08-21 15:23:00,captured,Wallet
O-100929,pay_000000929,7500.29,INR,2026-08-19 19:04:00,captured,Netbanking
O-100930,pay_000000930,2000.29,INR,2026-08-16 10:04:00,captured,UPI
O-100931,pay_000000931,2000.95,INR,2026-08-28 19:54:00,captured,Netbanking
O-100932,pay_000000932,12000.33,INR,2026-08-15 13:18:00,captured,Netbanking
O-100933,pay_000000933,499.60,INR,2026-08-25 17:48:00,captured,Card
O-100934,pay_000000934,7500.29,INR,2026-08-23 18:50:00,captured,Wallet
O-100935,pay_000000935,1999.54,INR,2026-08-27 15:13:00,captured,Wallet
O-100936,pay_000000936,1250.73,INR,2026-08-28 11:19:00,captured,UPI
O-100937,pay_000000937,4999.54,INR,2026-08-25 15:48:00,captured,Netbanking
O-100938,pay_000000938,3499.72,INR,2026-08-25 18:58:00,captured,Wallet
O-100939,pay_000000939,899.68,INR,2026-08-21 12:30:00,captured,Netbanking
O-100940,pay_000000940,1250.13,INR,2026-08-25 17:11:00,captured,UPI
O-100941,pay_000000941,1250.25,INR,2026-08-16 15:18:00,captured,Card
O-100942,pay_000000942,499.47,INR,2026-08-23 09:10:00,captured,Netbanking
O-100943,pay_000000943,899.16,INR,2026-08-23 15:30:00,captured,UPI
O-100944,pay_000000944,4999.90,INR,2026-08-25 16:10:00,captured,Netbanking
O-100945,pay_000000945,1999.00,INR,2026-08-17 16:04:00,captured,Wallet
O-100946,pay_000000946,7500.58,INR,2026-08-22 18:02:00,captured,UPI
O-100947,pay_000000947,4999.78,INR,2026-08-28 11:26:00,captured,Card
O-100948,pay_000000948,7500.49,INR,2026-08-25 11:44:00,captured,UPI
O-100949,pay_000000949,2000.80,INR,2026-08-23 13:42:00,captured,UPI
O-100950,pay_000000950,4999.97,INR,2026-08-23 10:23:00,captured,UPI
O-100951,pay_000000951,7500.21,INR,2026-08-19 12:32:00,captured,UPI
O-100952,pay_000000952,3499.95,INR,2026-08-21 12:25:00,captured,UPI
O-100953,pay_000000953,7500.62,INR,2026-08-22 10:05:00,captured,Card
O-100954,pay_000000954,2000.20,INR,2026-08-17 09:38:00,captured,UPI
O-100955,pay_000000955,899.85,INR,2026-08-27 09:43:00,captured,Netbanking
O-100956,pay_000000956,499.86,INR,2026-08-23 12:28:00,captured,UPI
O-100957,pay_000000957,4999.88,INR,2026-08-19 16:03:00,captured,UPI
O-100958,pay_000000958,1999.47,INR,2026-08-18 12:05:00,captured,UPI
O-100959,pay_000000959,1999.12,INR,2026-08-27 19:10:00,captured,Card
O-100960,pay_000000960,12000.80,INR,2026-08-18 18:13:00,captured,Wallet
O-100961,pay_000000961,899.45,INR,2026-08-20 11:00:00,captured,Netbanking
O-100962,pay_000000962,899.84,INR,2026-08-28 13:41:00,captured,Netbanking
O-100963,pay_000000963,7500.13,INR,2026-08-26 17:50:00,captured,Card
O-100964,pay_000000964,4999.86,INR,2026-08-27 11:21:00,captured,Card
O-100965,pay_000000965,899.42,INR,2026-08-15 18:58:00,captured,Wallet
O-100966,pay_000000966,499.78,INR,2026-08-27 10:19:00,captured,Card
O-100967,pay_000000967,499.17,INR,2026-08-20 16:18:00,captured,Card
O-100968,pay_000000968,1999.92,INR,2026-08-24 16:47:00,captured,Netbanking
O-100969,pay_000000969,12000.53,INR,2026-08-25 13:48:00,captured,UPI
O-100970,pay_000000970,1999.69,INR,2026-08-15 19:15:00,captured,Card
O-100971,pay_000000971,1250.56,INR,2026-08-25 09:04:00,captured,Wallet
O-100972,pay_000000972,1250.26,INR,2026-08-17 10:11:00,captured,Card
O-100973,pay_000000973,1250.92,INR,2026-08-18 12:27:00,captured,Card
O-100974,pay_000000974,2000.61,INR,2026-08-16 14:25:00,captured,Wallet
O-100975,pay_000000975,4999.54,INR,2026-08-28 10:48:00,captured,Netbanking
O-100976,pay_000000976,4999.59,INR,2026-08-19 16:18:00,captured,Wallet
O-100977,pay_000000977,1250.91,INR,2026-08-22 12:09:00,captured,Card
O-100978,pay_000000978,4999.53,INR,2026-08-21 14:24:00,captured,Wallet
O-100979,pay_000000979,499.15,INR,2026-08-21 18:10:00,captured,Card
O-100980,pay_000000980,3499.89,INR,2026-08-15 19:24:00,captured,Wallet
O-100981,pay_000000981,3499.80,INR,2026-08-26 19:01:00,captured,Card
O-100982,pay_000000982,1999.77,INR,2026-08-24 19:53:00,captured,Card
O-100983,pay_000000983,4999.90,INR,2026-08-24 10:33:00,captured,Card
O-100984,pay_000000984,2000.88,INR,2026-08-19 17:34:00,captured,Wallet
O-100985,pay_000000985,899.81,INR,2026-08-24 14:52:00,captured,Card
O-100986,pay_000000986,1250.62,INR,2026-08-15 10:04:00,captured,Wallet
O-100987,pay_000000987,1250.22,INR,2026-08-20 11:45:00,captured,Card
O-100988,pay_000000988,1999.23,INR,2026-08-18 09:47:00,captured,Card
O-100989,pay_000000989,899.81,INR,2026-08-17 10:18:00,captured,UPI
O-100990,pay_000000990,499.74,INR,2026-08-18 16:31:00,captured,UPI
O-100991,pay_000000991,499.12,INR,2026-08-18 17:50:00,captured,UPI
O-100992,pay_000000992,7500.60,INR,2026-08-27 14:38:00,captured,Wallet
O-100993,pay_000000993,1999.46,INR,2026-08-25 15:24:00,captured,UPI
O-100994,pay_000000994,499.58,INR,2026-08-28 15:46:00,captured,Card
O-100995,pay_000000995,3499.57,INR,2026-08-24 19:42:00,captured,Wallet
O-100996,pay_000000996,3499.05,INR,2026-08-27 14:43:00,captured,Wallet
O-100997,pay_000000997,4999.60,INR,2026-08-25 10:46:00,captured,Wallet
O-100998,pay_000000998,12000.73,INR,2026-08-27 17:02:00,captured,Card
O-100999,pay_000000999,1250.57,INR,2026-08-16 16:42:00,captured,Card
